timestamp,device_id,sequence,uptime,temperature,humidity,pressure,iaq,iaq_accuracy,iaq_label,static_iaq,co2_ppm,voc_ppm,gas_percent,stabilized,run_in_complete,rssi,snr,mq135_raw,anemometer_raw
2026-01-28T12:23:50.702074,41225,0,6,21.87,57.87,1.011,50,0,good,50,500,0.49,0,True,False,-94,12,285,0
2026-01-28T12:23:52.103078,41225,0,6,21.87,57.87,1.011,50,0,good,50,500,0.49,0,True,False,-95,11,283,0
2026-01-28T12:23:56.256426,41225,0,6,21.87,57.87,1.011,50,0,good,50,500,0.49,0,True,False,-93,12,301,0
2026-01-28T12:23:57.486257,41225,0,6,21.87,57.87,1.011,50,0,good,50,500,0.49,0,True,False,-94,12,301,0
2026-01-28T12:23:58.706308,41225,0,6,21.87,57.87,1.011,50,0,good,50,500,0.49,0,True,False,-94,12,303,0
2026-01-28T12:24:01.819950,41225,0,6,21.87,57.87,1.011,50,0,good,50,500,0.49,0,True,False,-94,12,302,0
2026-01-28T12:24:03.068817,41225,0,6,21.87,57.87,1.011,50,0,good,50,500,0.49,0,True,False,-94,12,301,0
2026-01-28T12:24:04.275996,41225,0,6,21.87,57.87,1.011,50,0,good,50,500,0.49,0,True,False,-94,12,301,0
2026-01-28T12:24:05.492115,41225,0,6,21.87,57.87,1.011,50,0,good,50,500,0.49,0,True,False,-94,11,302,0
2026-01-28T12:24:06.731008,41225,0,6,21.87,57.87,1.011,50,0,good,50,500,0.49,0,True,False,-94,12,301,0
2026-01-28T12:24:07.952193,41225,0,6,21.87,57.87,1.011,50,0,good,50,500,0.49,0,True,False,-94,12,302,0
2026-01-28T12:24:10.889624,41225,0,6,21.87,57.87,1.011,50,0,good,50,500,0.49,0,True,False,-94,12,301,0
2026-01-28T12:24:12.107575,41225,0,6,21.87,57.87,1.011,50,0,good,50,500,0.49,0,True,False,-94,12,301,0
2026-01-28T12:24:13.346797,41225,0,6,21.87,57.87,1.011,50,0,good,50,500,0.49,0,True,False,-94,12,301,0
2026-01-28T12:24:14.556260,41225,0,6,21.87,57.87,1.011,50,0,good,50,500,0.49,0,True,False,-94,12,299,0
2026-01-28T12:24:15.771893,41225,0,6,21.87,57.87,1.011,50,0,good,50,500,0.49,0,True,False,-94,12,301,0
2026-01-28T12:24:17.007495,41225,0,6,21.87,57.87,1.011,50,0,good,50,500,0.49,0,True,False,-94,12,300,0
2026-01-28T12:24:18.227861,41225,0,6,21.87,57.87,1.011,50,0,good,50,500,0.49,0,True,False,-94,12,303,0
2026-01-28T12:24:25.563983,41225,0,6,21.87,57.87,1.011,50,0,good,50,500,0.49,0,True,False,-94,12,301,0
2026-01-28T12:24:26.777633,41225,0,6,21.87,57.87,1.011,50,0,good,50,500,0.49,0,True,False,-93,12,303,0
2026-01-28T12:24:28.018472,41225,0,6,21.87,57.87,1.011,50,0,good,50,500,0.49,0,True,False,-93,12,303,0
2026-01-28T12:24:29.222980,41225,0,6,21.87,57.87,1.011,50,0,good,50,500,0.49,0,True,False,-93,12,303,0
2026-01-28T12:24:30.445468,41225,0,6,21.87,57.87,1.011,50,0,good,50,500,0.49,0,True,False,-93,12,309,24
2026-01-28T12:24:31.692354,41225,0,6,21.87,57.87,1.011,50,0,good,50,500,0.49,0,True,False,-93,11,309,30
2026-01-28T12:24:34.026968,41225,0,6,21.87,57.87,1.011,50,0,good,50,500,0.49,0,True,False,-93,12,313,39
2026-01-28T12:24:35.222243,41225,0,6,21.87,57.87,1.011,50,0,good,50,500,0.49,0,True,False,-94,12,310,0
2026-01-28T12:24:36.462676,41225,0,6,21.87,57.87,1.011,50,0,good,50,500,0.49,0,True,False,-94,11,310,0
2026-01-28T12:24:37.679367,41225,0,6,21.87,57.87,1.011,50,0,good,50,500,0.49,0,True,False,-94,12,311,0
2026-01-28T12:24:38.891169,41225,0,6,21.87,57.87,1.011,50,0,good,50,500,0.49,0,True,False,-94,12,309,0
2026-01-28T12:24:40.135720,41225,0,6,21.87,57.87,1.011,50,0,good,50,500,0.49,0,True,False,-94,12,310,0
2026-01-28T12:24:41.348095,41225,0,6,21.87,57.87,1.011,50,0,good,50,500,0.49,0,True,False,-94,12,311,0
2026-01-28T12:24:42.557556,41225,0,6,21.87,57.87,1.011,50,0,good,50,500,0.49,0,True,False,-93,12,311,0
2026-01-28T12:24:44.885068,41225,0,6,21.87,57.87,1.011,50,0,good,50,500,0.49,0,True,False,-94,12,308,0
2026-01-28T12:24:46.007723,41225,0,6,21.87,57.87,1.011,50,0,good,50,500,0.49,0,True,False,-94,12,308,0
2026-01-28T12:24:47.224958,41225,0,6,21.87,57.87,1.011,50,0,good,50,500,0.49,0,True,False,-94,12,309,0
2026-01-28T12:24:48.434248,41225,0,6,21.87,57.87,1.011,50,0,good,50,500,0.49,0,True,False,-94,12,308,0
2026-01-28T12:24:49.678281,41225,0,6,21.87,57.87,1.011,50,0,good,50,500,0.49,0,True,False,-94,12,309,0
2026-01-28T12:24:50.889696,41225,0,6,21.87,57.87,1.011,50,0,good,50,500,0.49,0,True,False,-94,12,308,0
2026-01-28T12:24:52.104117,41225,0,6,21.87,57.87,1.011,50,0,good,50,500,0.49,0,True,False,-94,12,307,0
2026-01-28T12:24:53.341491,41225,0,6,21.87,57.87,1.011,50,0,good,50,500,0.49,0,True,False,-94,12,307,0
2026-01-28T12:24:54.556367,41225,0,6,21.87,57.87,1.011,50,0,good,50,500,0.49,0,True,False,-94,12,307,0
2026-01-28T12:24:57.751323,41225,0,6,21.87,57.87,1.011,50,0,good,50,500,0.49,0,True,False,-94,12,304,0
2026-01-28T12:24:58.976624,41225,0,6,21.87,57.87,1.011,50,0,good,50,500,0.49,0,True,False,-94,12,307,0
2026-01-28T12:25:00.177358,41225,0,6,21.87,57.87,1.011,50,0,good,50,500,0.49,0,True,False,-94,12,307,0
2026-01-28T12:25:01.419509,41225,0,6,21.87,57.87,1.011,50,0,good,50,500,0.49,0,True,False,-94,12,307,0
2026-01-28T12:25:02.631334,41225,0,6,21.87,57.87,1.011,50,0,good,50,500,0.49,0,True,False,-93,12,309,0
2026-01-28T12:25:03.843143,41225,0,6,21.87,57.87,1.011,50,0,good,50,500,0.49,0,True,False,-94,12,308,0
2026-01-28T12:25:06.935882,41225,0,6,21.87,57.87,1.011,50,0,good,50,500,0.49,0,True,False,-93,12,309,0
2026-01-28T12:25:08.145832,41225,0,6,21.87,57.87,1.011,50,0,good,50,500,0.49,0,True,False,-93,11,307,0
2026-01-28T12:25:09.363175,41225,0,6,21.87,57.87,1.011,50,0,good,50,500,0.49,0,True,False,-93,12,309,0
2026-01-28T12:25:10.616941,41225,0,6,21.87,57.87,1.011,50,0,good,50,500,0.49,0,True,False,-93,11,309,0
2026-01-28T12:25:11.816434,41225,0,6,21.87,57.87,1.011,50,0,good,50,500,0.49,0,True,False,-93,11,309,0
2026-01-28T12:25:13.021888,41225,0,6,21.87,57.87,1.011,50,0,good,50,500,0.49,0,True,False,-93,12,310,0
2026-01-28T12:25:15.592715,41225,0,6,21.87,57.87,1.011,50,0,good,50,500,0.49,0,True,False,-93,11,310,0
2026-01-28T12:25:16.836065,41225,0,6,21.87,57.87,1.011,50,0,good,50,500,0.49,0,True,False,-93,12,310,0
2026-01-28T12:25:18.049125,41225,0,6,21.87,57.87,1.011,50,0,good,50,500,0.49,0,True,False,-93,11,309,0
2026-01-28T12:25:19.261788,41225,0,6,21.87,57.87,1.011,50,0,good,50,500,0.49,0,True,False,-93,12,311,0
2026-01-28T12:25:20.509587,41225,0,6,21.87,57.87,1.011,50,0,good,50,500,0.49,0,True,False,-93,11,309,0
2026-01-28T12:25:21.716372,41225,0,6,21.87,57.87,1.011,50,0,good,50,500,0.49,0,True,False,-93,11,310,0
2026-01-28T12:25:22.931671,41225,0,6,21.87,57.87,1.011,50,0,good,50,500,0.49,0,True,False,-93,12,309,0
2026-01-28T12:25:27.410658,41225,0,6,21.87,57.87,1.011,50,0,good,50,500,0.49,0,True,False,-93,11,309,0
2026-01-28T12:25:28.575367,41225,0,6,21.87,57.87,1.011,50,0,good,50,500,0.49,0,True,False,-93,11,310,0
2026-01-28T12:25:29.787785,41225,0,6,21.87,57.87,1.011,50,0,good,50,500,0.49,0,True,False,-93,12,312,0
2026-01-28T12:25:31.007888,41225,0,6,21.87,57.87,1.011,50,0,good,50,500,0.49,0,True,False,-93,11,311,0
2026-01-28T12:25:32.245236,41225,0,6,21.87,57.87,1.011,50,0,good,50,500,0.49,0,True,False,-93,12,311,0
2026-01-28T12:25:33.457821,41225,0,6,21.87,57.87,1.011,50,0,good,50,500,0.49,0,True,False,-93,11,310,0
2026-01-28T12:25:37.820390,41225,0,6,21.87,57.87,1.011,50,0,good,50,500,0.49,0,True,False,-93,12,311,0
2026-01-28T12:25:38.975714,41225,0,6,21.87,57.87,1.011,50,0,good,50,500,0.49,0,True,False,-94,12,312,0
2026-01-28T12:25:40.185528,41225,0,6,21.87,57.87,1.011,50,0,good,50,500,0.49,0,True,False,-94,12,311,0
2026-01-28T12:25:41.425411,41225,0,6,21.87,57.87,1.011,50,0,good,50,500,0.49,0,True,False,-94,12,311,0
2026-01-28T12:25:42.638102,41225,0,6,21.87,57.87,1.011,50,0,good,50,500,0.49,0,True,False,-94,12,311,0
2026-01-28T12:25:43.848385,41225,0,6,21.87,57.87,1.011,50,0,good,50,500,0.49,0,True,False,-94,12,312,0
2026-01-28T12:25:45.100196,41225,0,6,21.87,57.87,1.011,50,0,good,50,500,0.49,0,True,False,-94,11,311,0
2026-01-28T12:25:46.308924,41225,0,6,21.87,57.87,1.011,50,0,good,50,500,0.49,0,True,False,-94,12,310,0
2026-01-28T12:25:48.581325,41225,0,6,21.87,57.87,1.011,50,0,good,50,500,0.49,0,True,False,-94,12,311,0
2026-01-28T12:25:49.720158,41225,0,6,21.87,57.87,1.011,50,0,good,50,500,0.49,0,True,False,-93,11,311,0
2026-01-28T12:25:50.966210,41225,0,6,21.87,57.87,1.011,50,0,good,50,500,0.49,0,True,False,-93,12,311,0
2026-01-28T12:25:52.191945,41225,0,6,21.87,57.87,1.011,50,0,good,50,500,0.49,0,True,False,-93,12,311,0
2026-01-28T12:25:53.394256,41225,0,6,21.87,57.87,1.011,50,0,good,50,500,0.49,0,True,False,-94,12,313,0
2026-01-28T12:25:54.637112,41225,0,6,21.87,57.87,1.011,50,0,good,50,500,0.49,0,True,False,-94,12,312,0
2026-01-28T12:25:55.847581,41225,0,6,21.87,57.87,1.011,50,0,good,50,500,0.49,0,True,False,-93,12,313,0
2026-01-28T12:25:58.103625,41225,0,6,21.87,57.87,1.011,50,0,good,50,500,0.49,0,True,False,-94,12,313,0
2026-01-28T12:25:59.260770,41225,0,6,21.87,57.87,1.011,50,0,good,50,500,0.49,0,True,False,-93,12,313,0
2026-01-28T12:26:00.510945,41225,0,6,21.87,57.87,1.011,50,0,good,50,500,0.49,0,True,False,-93,12,310,0
2026-01-28T12:26:01.721589,41225,0,6,21.87,57.87,1.011,50,0,good,50,500,0.49,0,True,False,-93,11,313,0
2026-01-28T12:26:02.930567,41225,0,6,21.87,57.87,1.011,50,0,good,50,500,0.49,0,True,False,-93,12,313,0
2026-01-28T12:26:04.176960,41225,0,6,21.87,57.87,1.011,50,0,good,50,500,0.49,0,True,False,-94,11,311,0
2026-01-28T12:26:05.395335,41225,0,6,21.87,57.87,1.011,50,0,good,50,500,0.49,0,True,False,-94,12,313,0
2026-01-28T12:26:06.614193,41225,0,6,21.87,57.87,1.011,50,0,good,50,500,0.49,0,True,False,-94,12,311,0
2026-01-28T12:26:09.252687,41225,0,6,21.87,57.87,1.011,50,0,good,50,500,0.49,0,True,False,-94,12,311,0
2026-01-28T12:26:10.410773,41225,0,6,21.87,57.87,1.011,50,0,good,50,500,0.49,0,True,False,-94,12,313,0
2026-01-28T12:26:11.630162,41225,0,6,21.87,57.87,1.011,50,0,good,50,500,0.49,0,True,False,-93,12,313,0
2026-01-28T12:26:12.847959,41225,0,6,21.87,57.87,1.011,50,0,good,50,500,0.49,0,True,False,-94,12,313,0
2026-01-28T12:26:14.086793,41225,0,6,21.87,57.87,1.011,50,0,good,50,500,0.49,0,True,False,-94,12,313,0
2026-01-28T12:26:15.299208,41225,0,6,21.87,57.87,1.011,50,0,good,50,500,0.49,0,True,False,-94,12,313,0
2026-01-28T12:26:16.506804,41225,0,6,21.87,57.87,1.011,50,0,good,50,500,0.49,0,True,False,-94,12,313,0
2026-01-28T12:26:17.755126,41225,0,6,21.87,57.87,1.011,50,0,good,50,500,0.49,0,True,False,-94,12,310,0
2026-01-28T12:26:22.775393,41225,0,6,21.87,57.87,1.011,50,0,good,50,500,0.49,0,True,False,-94,12,311,0
2026-01-28T12:26:23.999043,41225,0,6,21.87,57.87,1.011,50,0,good,50,500,0.49,0,True,False,-93,12,317,0
2026-01-28T12:26:25.205013,41225,0,6,21.87,57.87,1.011,50,0,good,50,500,0.49,0,True,False,-93,12,324,0
2026-01-28T12:26:26.424995,41225,0,6,21.87,57.87,1.011,50,0,good,50,500,0.49,0,True,False,-93,11,319,0
2026-01-28T12:26:27.663248,41225,0,6,21.87,57.87,1.011,50,0,good,50,500,0.49,0,True,False,-93,12,325,0
2026-01-28T12:26:28.882058,41225,0,6,21.87,57.87,1.011,50,0,good,50,500,0.49,0,True,False,-93,12,320,0
2026-01-28T12:26:30.092580,41225,0,6,21.87,57.87,1.011,50,0,good,50,500,0.49,0,True,False,-93,12,327,0
2026-01-28T12:26:31.337532,41225,0,6,21.87,57.87,1.011,50,0,good,50,500,0.49,0,True,False,-93,12,316,0
2026-01-28T12:26:34.137674,41225,0,6,21.87,57.87,1.011,50,0,good,50,500,0.49,0,True,False,-93,12,325,0
2026-01-28T12:26:35.372183,41225,0,6,21.87,57.87,1.011,50,0,good,50,500,0.49,0,True,False,-93,12,315,0
2026-01-28T12:26:36.585081,41225,0,6,21.87,57.87,1.011,50,0,good,50,500,0.49,0,True,False,-93,11,317,0
2026-01-28T12:26:37.797525,41225,0,6,21.87,57.87,1.011,50,0,good,50,500,0.49,0,True,False,-94,12,325,0
2026-01-28T12:26:39.042326,41225,0,6,21.87,57.87,1.011,50,0,good,50,500,0.49,0,True,False,-93,12,324,0
2026-01-28T12:26:40.251495,41225,0,6,21.87,57.87,1.011,50,0,good,50,500,0.49,0,True,False,-94,12,327,0
2026-01-28T12:26:41.470626,41225,0,6,21.87,57.87,1.011,50,0,good,50,500,0.49,0,True,False,-94,12,327,0
2026-01-28T12:26:42.732780,41225,0,6,21.87,57.87,1.011,50,0,good,50,500,0.49,0,True,False,-94,12,325,0
2026-01-28T12:30:29.376847,41225,0,6,21.58,59.37,1.011,50,0,good,50,500,0.49,0,True,False,-93,11,317,0
2026-01-28T12:35:40.679191,0,0,0,0.0,0.0,0.0,0,0,good,0,0,0.0,0,False,False,-97,11,277,84
2026-01-28T12:35:40.913634,0,0,0,0.0,0.0,0.0,0,0,good,0,0,0.0,0,False,False,-97,11,295,95
2026-01-28T12:35:41.144955,0,0,0,0.0,0.0,0.0,0,0,good,0,0,0.0,0,False,False,-97,11,287,89
2026-01-28T12:35:41.408515,0,0,0,0.0,0.0,0.0,0,0,good,0,0,0.0,0,False,False,-97,12,287,78
2026-01-28T12:35:41.645942,0,0,0,0.0,0.0,0.0,0,0,good,0,0,0.0,0,False,False,-97,11,286,0
2026-01-28T12:35:41.872121,0,0,0,0.0,0.0,0.0,0,0,good,0,0,0.0,0,False,False,-97,11,286,128
2026-01-28T12:35:42.132477,0,0,0,0.0,0.0,0.0,0,0,good,0,0,0.0,0,False,False,-97,12,281,83
2026-01-28T12:35:42.403020,0,0,0,0.0,0.0,0.0,0,0,good,0,0,0.0,0,False,False,-97,11,280,89
2026-01-28T12:35:42.634253,0,0,0,0.0,0.0,0.0,0,0,good,0,0,0.0,0,False,False,-97,11,279,87
2026-01-28T12:35:42.874526,0,0,0,0.0,0.0,0.0,0,0,good,0,0,0.0,0,False,False,-97,11,279,82
2026-01-28T12:35:43.126064,0,0,0,0.0,0.0,0.0,0,0,good,0,0,0.0,0,False,False,-97,11,279,107
2026-01-28T12:35:43.340183,0,0,0,0.0,0.0,0.0,0,0,good,0,0,0.0,0,False,False,-97,12,279,92
2026-01-28T12:35:43.655663,0,0,0,0.0,0.0,0.0,0,0,good,0,0,0.0,0,False,False,-97,11,277,79
2026-01-28T12:35:43.872841,0,0,0,0.0,0.0,0.0,0,0,good,0,0,0.0,0,False,False,-97,12,269,85
2026-01-28T12:35:47.209308,0,0,0,0.0,0.0,0.0,0,0,good,0,0,0.0,0,False,False,-94,11,298,95
2026-01-28T12:35:47.451965,0,0,0,0.0,0.0,0.0,0,0,good,0,0,0.0,0,False,False,-95,12,297,68
2026-01-28T12:35:50.716261,0,0,0,0.0,0.0,0.0,0,0,good,0,0,0.0,0,False,False,-95,11,296,92
2026-01-28T12:35:50.769686,0,0,0,0.0,0.0,0.0,0,0,good,0,0,0.0,0,False,False,-95,11,295,75
2026-01-28T12:35:50.809343,0,0,0,0.0,0.0,0.0,0,0,good,0,0,0.0,0,False,False,-94,12,297,63
2026-01-28T12:35:50.845317,0,0,0,0.0,0.0,0.0,0,0,good,0,0,0.0,0,False,False,-95,11,296,59
2026-01-28T12:35:50.890487,0,0,0,0.0,0.0,0.0,0,0,good,0,0,0.0,0,False,False,-95,12,297,59
2026-01-28T12:35:50.933396,0,0,0,0.0,0.0,0.0,0,0,good,0,0,0.0,0,False,False,-95,11,297,51
2026-01-28T12:35:50.974898,0,0,0,0.0,0.0,0.0,0,0,good,0,0,0.0,0,False,False,-95,11,296,63
2026-01-28T12:35:51.031108,0,0,0,0.0,0.0,0.0,0,0,good,0,0,0.0,0,False,False,-95,12,297,44
2026-01-28T12:35:51.069802,0,0,0,0.0,0.0,0.0,0,0,good,0,0,0.0,0,False,False,-95,11,295,63
2026-01-28T12:35:51.128327,0,0,0,0.0,0.0,0.0,0,0,good,0,0,0.0,0,False,False,-95,12,296,55
2026-01-28T12:35:51.173652,0,0,0,0.0,0.0,0.0,0,0,good,0,0,0.0,0,False,False,-95,12,297,39
2026-01-28T12:35:51.211487,41225,0,6,23.02,55.81,1.01,50,0,good,50,500,0.49,0,True,False,-95,11,296,0
2026-01-28T12:35:51.261145,41225,0,6,23.02,55.81,1.01,50,0,good,50,500,0.49,0,True,False,-95,11,299,38
2026-01-28T12:35:51.295243,41225,0,6,23.02,55.81,1.01,50,0,good,50,500,0.49,0,True,False,-95,12,297,0
2026-01-28T12:35:51.323146,41225,0,6,23.02,55.81,1.01,50,0,good,50,500,0.49,0,True,False,-95,11,297,0
2026-01-28T12:35:51.458915,41225,0,6,23.02,55.81,1.01,50,0,good,50,500,0.49,0,True,False,-95,11,297,12
2026-01-28T12:35:51.670447,41225,0,6,23.02,55.81,1.01,50,0,good,50,500,0.49,0,True,False,-95,11,297,0
2026-01-28T12:35:51.927384,41225,0,6,23.02,55.81,1.01,50,0,good,50,500,0.49,0,True,False,-95,11,297,22
2026-01-28T12:35:52.180466,41225,0,6,23.02,55.81,1.01,50,0,good,50,500,0.49,0,True,False,-95,11,297,23
2026-01-28T12:35:52.395389,41225,0,6,23.02,55.81,1.01,50,0,good,50,500,0.49,0,True,False,-95,11,297,12
2026-01-28T12:35:52.659207,41225,0,6,23.02,55.81,1.01,50,0,good,50,500,0.49,0,True,False,-95,12,297,11
2026-01-28T12:35:52.935725,41225,0,6,23.02,55.81,1.01,50,0,good,50,500,0.49,0,True,False,-95,11,297,12
2026-01-28T12:35:53.153679,41225,0,6,23.02,55.81,1.01,50,0,good,50,500,0.49,0,True,False,-94,12,299,0
2026-01-28T12:35:53.391445,41225,0,6,23.02,55.81,1.01,50,0,good,50,500,0.49,0,True,False,-94,12,299,14
2026-01-28T12:35:53.672275,41225,0,6,23.02,55.81,1.01,50,0,good,50,500,0.49,0,True,False,-94,12,295,27
2026-01-28T12:35:53.869477,41225,0,6,23.02,55.81,1.01,50,0,good,50,500,0.49,0,True,False,-94,12,297,36
2026-01-28T12:35:54.123380,41225,0,6,23.02,55.81,1.01,50,0,good,50,500,0.49,0,True,False,-94,12,297,29
2026-01-28T12:35:54.383970,41225,0,6,23.02,55.81,1.01,50,0,good,50,500,0.49,0,True,False,-94,12,297,23
2026-01-28T12:35:54.613191,41225,0,6,23.02,55.81,1.01,50,0,good,50,500,0.49,0,True,False,-94,12,295,41
2026-01-28T12:35:54.885047,41225,0,6,23.02,55.81,1.01,50,0,good,50,500,0.49,0,True,False,-94,12,294,23
2026-01-28T12:35:55.124889,41225,0,6,23.02,55.81,1.01,50,0,good,50,500,0.49,0,True,False,-94,12,292,51
2026-01-28T12:35:55.398852,41225,0,6,23.02,55.81,1.01,50,0,good,50,500,0.49,0,True,False,-94,12,293,31
2026-01-28T12:35:57.612385,41225,0,6,23.02,55.81,1.01,50,0,good,50,500,0.49,0,True,False,-94,12,293,42
2026-01-28T12:35:57.977843,41225,0,6,23.02,55.81,1.01,50,0,good,50,500,0.49,0,True,False,-94,12,292,43
2026-01-28T12:35:58.034337,41225,0,6,23.02,55.81,1.01,50,0,good,50,500,0.49,0,True,False,-94,12,295,35
2026-01-28T12:36:00.160754,41225,0,6,23.02,55.81,1.01,50,0,good,50,500,0.49,0,True,False,-94,12,293,0
2026-01-28T12:36:02.136316,41225,0,6,23.02,55.81,1.01,50,0,good,50,500,0.49,0,True,False,-94,12,293,53
2026-01-28T12:36:02.303700,41225,0,6,23.02,55.81,1.01,50,0,good,50,500,0.49,0,True,False,-94,12,296,21
2026-01-28T12:36:04.448897,41225,0,6,23.02,55.81,1.01,50,0,good,50,500,0.49,0,True,False,-94,12,295,41
2026-01-28T12:36:04.629191,41225,0,6,23.02,55.81,1.01,50,0,good,50,500,0.49,0,True,False,-94,12,295,41
2026-01-28T12:36:06.572188,41225,0,6,23.02,55.81,1.01,50,0,good,50,500,0.49,0,True,False,-94,12,294,28
2026-01-28T12:36:06.663475,41225,0,6,23.02,55.81,1.01,50,0,good,50,500,0.49,0,True,False,-94,12,294,31
2026-01-28T12:36:06.675450,41225,0,6,23.02,55.81,1.01,50,0,good,50,500,0.49,0,True,False,-94,12,293,41
2026-01-28T12:36:08.638471,41225,0,6,23.02,55.81,1.01,50,0,good,50,500,0.49,0,True,False,-94,12,295,25
2026-01-28T12:36:08.660156,41225,0,6,23.02,55.81,1.01,50,0,good,50,500,0.49,0,True,False,-94,12,295,28
2026-01-28T12:36:08.751400,41225,0,6,23.02,55.81,1.01,50,0,good,50,500,0.49,0,True,False,-94,12,293,35
2026-01-28T12:36:08.834264,41225,0,6,23.02,55.81,1.01,50,0,good,50,500,0.49,0,True,False,-94,12,293,28
2026-01-28T12:36:08.907035,41225,0,6,23.02,55.81,1.01,50,0,good,50,500,0.49,0,True,False,-94,12,292,39
2026-01-28T12:36:08.991118,41225,0,6,23.02,55.81,1.01,50,0,good,50,500,0.49,0,True,False,-94,12,293,12
2026-01-28T12:36:09.080429,41225,0,6,23.02,55.81,1.01,50,0,good,50,500,0.49,0,True,False,-94,12,293,0
2026-01-28T12:36:09.122102,41225,0,6,23.02,55.81,1.01,50,0,good,50,500,0.49,0,True,False,-94,11,293,37
2026-01-28T12:36:09.143430,41225,0,6,23.02,55.81,1.01,50,0,good,50,500,0.49,0,True,False,-94,12,294,29
2026-01-28T12:36:09.169533,41225,0,6,23.02,55.81,1.01,50,0,good,50,500,0.49,0,True,False,-94,12,293,0
2026-01-28T12:36:09.193894,41225,0,6,23.02,55.81,1.01,50,0,good,50,500,0.49,0,True,False,-94,12,293,40
2026-01-28T12:36:09.227956,41225,0,6,23.02,55.81,1.01,50,0,good,50,500,0.49,0,True,False,-94,12,293,37
2026-01-28T12:36:09.260238,41225,0,6,23.02,55.81,1.01,50,0,good,50,500,0.49,0,True,False,-94,12,294,37
2026-01-28T12:36:09.297881,41225,0,6,23.02,55.81,1.01,50,0,good,50,500,0.49,0,True,False,-94,12,295,37
2026-01-28T12:36:09.343372,41225,0,6,23.02,55.81,1.01,50,0,good,50,500,0.49,0,True,False,-94,13,295,35
2026-01-28T12:36:09.364619,41225,0,6,23.02,55.81,1.01,50,0,good,50,500,0.49,0,True,False,-94,12,295,48
2026-01-28T12:36:09.389646,41225,0,6,23.02,55.81,1.01,50,0,good,50,500,0.49,0,True,False,-94,12,294,27
2026-01-28T12:36:09.417769,41225,0,6,23.02,55.81,1.01,50,0,good,50,500,0.49,0,True,False,-94,12,295,44
2026-01-28T12:36:09.443106,41225,0,6,23.02,55.81,1.01,50,0,good,50,500,0.49,0,True,False,-94,12,295,36
2026-01-28T12:36:09.473997,41225,0,6,23.02,55.81,1.01,50,0,good,50,500,0.49,0,True,False,-94,12,295,10
2026-01-28T12:36:09.506332,41225,0,6,23.02,55.81,1.01,50,0,good,50,500,0.49,0,True,False,-94,12,296,37
2026-01-28T12:36:09.539763,41225,0,6,23.02,55.81,1.01,50,0,good,50,500,0.49,0,True,False,-94,12,295,41
2026-01-28T12:36:09.573085,41225,0,6,23.02,55.81,1.01,50,0,good,50,500,0.49,0,True,False,-94,12,295,0
2026-01-28T12:36:09.616480,41225,0,6,23.02,55.81,1.01,50,0,good,50,500,0.49,0,True,False,-94,12,295,63
2026-01-28T12:36:09.642397,41225,0,6,23.02,55.81,1.01,50,0,good,50,500,0.49,0,True,False,-94,12,295,74
2026-01-28T12:36:09.676391,41225,0,6,23.02,55.81,1.01,50,0,good,50,500,0.49,0,True,False,-94,13,295,51
2026-01-28T12:36:09.702809,41225,0,6,23.02,55.81,1.01,50,0,good,50,500,0.49,0,True,False,-94,12,295,59
2026-01-28T12:36:09.733375,41225,0,6,23.02,55.81,1.01,50,0,good,50,500,0.49,0,True,False,-94,12,295,61
2026-01-28T12:36:09.762435,41225,0,6,23.02,55.81,1.01,50,0,good,50,500,0.49,0,True,False,-94,12,295,43
2026-01-28T12:36:09.797533,41225,0,6,23.02,55.81,1.01,50,0,good,50,500,0.49,0,True,False,-94,12,295,69
2026-01-28T12:36:09.839889,41225,0,6,23.02,55.81,1.01,50,0,good,50,500,0.49,0,True,False,-94,12,296,55
2026-01-28T12:36:09.868166,41225,0,6,23.02,55.81,1.01,50,0,good,50,500,0.49,0,True,False,-94,12,295,63
2026-01-28T12:36:09.891771,41225,0,6,23.02,55.81,1.01,50,0,good,50,500,0.49,0,True,False,-94,12,295,45
2026-01-28T12:36:09.928367,41225,0,6,23.02,55.81,1.01,50,0,good,50,500,0.49,0,True,False,-94,12,297,35
2026-01-28T12:36:09.953756,41225,0,6,23.02,55.81,1.01,50,0,good,50,500,0.49,0,True,False,-94,12,297,43
2026-01-28T12:36:09.977979,41225,0,6,23.02,55.81,1.01,50,0,good,50,500,0.49,0,True,False,-94,12,296,59
2026-01-28T12:36:10.010894,41225,0,6,23.02,55.81,1.01,50,0,good,50,500,0.49,0,True,False,-94,12,295,52
2026-01-28T12:36:10.035867,41225,0,6,23.02,55.81,1.01,50,0,good,50,500,0.49,0,True,False,-94,12,297,59
2026-01-28T12:36:10.078556,41225,0,6,23.02,55.81,1.01,50,0,good,50,500,0.49,0,True,False,-94,12,297,46
2026-01-28T12:36:10.108851,41225,0,6,23.02,55.81,1.01,50,0,good,50,500,0.49,0,True,False,-94,12,297,51
2026-01-28T12:36:10.136039,41225,0,6,23.02,55.81,1.01,50,0,good,50,500,0.49,0,True,False,-94,12,295,41
2026-01-28T12:36:10.163393,41225,0,6,23.02,55.81,1.01,50,0,good,50,500,0.49,0,True,False,-94,12,296,0
2026-01-28T12:36:10.190529,41225,0,6,23.02,55.81,1.01,50,0,good,50,500,0.49,0,True,False,-94,12,295,43
2026-01-28T12:36:10.214411,41225,0,6,23.02,55.81,1.01,50,0,good,50,500,0.49,0,True,False,-94,12,297,31
2026-01-28T12:36:10.242557,41225,0,6,23.02,55.81,1.01,50,0,good,50,500,0.49,0,True,False,-94,12,295,41
2026-01-28T12:36:10.282260,41225,0,6,23.02,55.81,1.01,50,0,good,50,500,0.49,0,True,False,-94,12,296,43
2026-01-28T12:36:10.310037,41225,0,6,23.02,55.81,1.01,50,0,good,50,500,0.49,0,True,False,-94,12,297,59
2026-01-28T12:36:10.332800,41225,0,6,23.02,55.81,1.01,50,0,good,50,500,0.49,0,True,False,-94,12,296,31
2026-01-28T12:36:10.364065,41225,0,6,23.02,55.81,1.01,50,0,good,50,500,0.49,0,True,False,-94,12,297,51
2026-01-28T12:36:10.397538,41225,0,6,23.02,55.81,1.01,50,0,good,50,500,0.49,0,True,False,-94,12,297,31
2026-01-28T12:36:10.531031,41225,0,6,23.02,55.81,1.01,50,0,good,50,500,0.49,0,True,False,-94,12,297,46
2026-01-28T12:36:10.757727,41225,0,6,23.02,55.81,1.01,50,0,good,50,500,0.49,0,True,False,-94,12,297,47
2026-01-28T12:36:11.002705,41225,0,6,23.02,55.81,1.01,50,0,good,50,500,0.49,0,True,False,-94,12,297,57
2026-01-28T12:36:11.259181,41225,0,6,23.02,55.81,1.01,50,0,good,50,500,0.49,0,True,False,-94,12,298,40
2026-01-28T12:36:11.482052,41225,0,6,23.02,55.81,1.01,50,0,good,50,500,0.49,0,True,False,-94,13,297,37
2026-01-28T12:36:11.742162,41225,0,6,23.02,55.81,1.01,50,0,good,50,500,0.49,0,True,False,-94,12,299,41
2026-01-28T12:36:11.995272,41225,0,6,23.02,55.81,1.01,50,0,good,50,500,0.49,0,True,False,-94,12,298,0
2026-01-28T12:36:12.222862,41225,0,6,23.02,55.81,1.01,50,0,good,50,500,0.49,0,True,False,-94,12,297,51
2026-01-28T12:36:12.477665,41225,0,6,23.02,55.81,1.01,50,0,good,50,500,0.49,0,True,False,-94,12,297,52
2026-01-28T12:36:12.732071,41225,0,6,23.02,55.81,1.01,50,0,good,50,500,0.49,0,True,False,-94,12,297,53
2026-01-28T12:36:12.951169,41225,0,6,23.02,55.81,1.01,50,0,good,50,500,0.49,0,True,False,-94,12,299,45
2026-01-28T12:36:13.220394,41225,0,6,23.02,55.81,1.01,50,0,good,50,500,0.49,0,True,False,-94,12,299,63
2026-01-28T12:36:13.464379,41225,0,6,23.02,55.81,1.01,50,0,good,50,500,0.49,0,True,False,-94,12,298,71
2026-01-28T12:36:13.688929,41225,0,6,23.02,55.81,1.01,50,0,good,50,500,0.49,0,True,False,-94,12,298,31
2026-01-28T12:36:13.951820,41225,0,6,23.02,55.81,1.01,50,0,good,50,500,0.49,0,True,False,-94,12,299,43
2026-01-28T12:36:14.194123,41225,0,6,23.02,55.81,1.01,50,0,good,50,500,0.49,0,True,False,-94,12,299,0
2026-01-28T12:36:17.686599,41225,0,6,23.02,55.81,1.01,50,0,good,50,500,0.49,0,True,False,-94,12,299,43
2026-01-28T12:36:17.702463,41225,0,6,23.02,55.81,1.01,50,0,good,50,500,0.49,0,True,False,-94,12,299,61
2026-01-28T12:36:17.730590,41225,0,6,23.02,55.81,1.01,50,0,good,50,500,0.49,0,True,False,-94,12,297,43
2026-01-28T12:36:17.764978,41225,0,6,23.02,55.81,1.01,50,0,good,50,500,0.49,0,True,False,-94,12,299,83
2026-01-28T12:36:17.794365,41225,0,6,23.02,55.81,1.01,50,0,good,50,500,0.49,0,True,False,-94,13,299,39
2026-01-28T12:36:17.831385,41225,0,6,23.02,55.81,1.01,50,0,good,50,500,0.49,0,True,False,-94,12,298,51
2026-01-28T12:36:17.877117,41225,0,6,23.02,55.81,1.01,50,0,good,50,500,0.49,0,True,False,-94,12,298,45
2026-01-28T12:36:17.908107,41225,0,6,23.02,55.81,1.01,50,0,good,50,500,0.49,0,True,False,-94,12,299,31
2026-01-28T12:36:17.930852,41225,0,6,23.02,55.81,1.01,50,0,good,50,500,0.49,0,True,False,-94,12,299,41
2026-01-28T12:36:17.962193,41225,0,6,23.02,55.81,1.01,50,0,good,50,500,0.49,0,True,False,-94,12,299,83
2026-01-28T12:36:17.989808,41225,0,6,23.02,55.81,1.01,50,0,good,50,500,0.49,0,True,False,-94,12,299,83
2026-01-28T12:36:18.017001,41225,0,6,23.02,55.81,1.01,50,0,good,50,500,0.49,0,True,False,-94,12,298,57
2026-01-28T12:36:18.050796,41225,0,6,23.02,55.81,1.01,50,0,good,50,500,0.49,0,True,False,-94,12,299,45
2026-01-28T12:36:18.080692,41225,0,6,23.02,55.81,1.01,50,0,good,50,500,0.49,0,True,False,-94,12,300,81
2026-01-28T12:36:18.111368,41225,0,6,23.02,55.81,1.01,50,0,good,50,500,0.49,0,True,False,-94,12,299,85
2026-01-28T12:36:18.152073,41225,0,6,23.02,55.81,1.01,50,0,good,50,500,0.49,0,True,False,-94,12,299,71
2026-01-28T12:36:18.344559,41225,0,6,23.02,55.81,1.01,50,0,good,50,500,0.49,0,True,False,-94,13,298,59
2026-01-28T12:36:18.612100,41225,0,6,23.02,55.81,1.01,50,0,good,50,500,0.49,0,True,False,-94,12,298,71
2026-01-28T12:36:18.829465,41225,0,6,23.02,55.81,1.01,50,0,good,50,500,0.49,0,True,False,-94,12,299,57
2026-01-28T12:36:19.078569,41225,0,6,23.02,55.81,1.01,50,0,good,50,500,0.49,0,True,False,-94,12,299,77
2026-01-28T12:36:19.333274,41225,0,6,23.02,55.81,1.01,50,0,good,50,500,0.49,0,True,False,-94,12,299,63
2026-01-28T12:36:19.576557,41225,0,6,23.02,55.81,1.01,50,0,good,50,500,0.49,0,True,False,-94,12,299,83
2026-01-28T12:36:19.817378,41225,0,6,23.02,55.81,1.01,50,0,good,50,500,0.49,0,True,False,-94,12,299,63
2026-01-28T12:36:20.072468,41225,0,6,23.02,55.81,1.01,50,0,good,50,500,0.49,0,True,False,-94,12,299,87
2026-01-28T12:36:20.289770,41225,0,6,23.02,55.81,1.01,50,0,good,50,500,0.49,0,True,False,-94,12,299,79
2026-01-28T12:36:20.546112,41225,0,6,23.02,55.81,1.01,50,0,good,50,500,0.49,0,True,False,-94,12,299,57
2026-01-28T12:36:20.797990,41225,0,6,23.02,55.81,1.01,50,0,good,50,500,0.49,0,True,False,-94,12,297,71
2026-01-28T12:36:21.024133,41225,0,6,23.02,55.81,1.01,50,0,good,50,500,0.49,0,True,False,-94,12,299,57
2026-01-28T12:36:21.282988,41225,0,6,23.02,55.81,1.01,50,0,good,50,500,0.49,0,True,False,-94,12,299,83
2026-01-28T12:36:21.535847,41225,0,6,23.02,55.81,1.01,50,0,good,50,500,0.49,0,True,False,-94,12,299,59
2026-01-28T12:36:21.766186,41225,0,6,23.02,55.81,1.01,50,0,good,50,500,0.49,0,True,False,-94,12,301,71
2026-01-28T12:36:22.013819,41225,0,6,23.02,55.81,1.01,50,0,good,50,500,0.49,0,True,False,-94,12,301,70
2026-01-28T12:36:22.274150,41225,0,6,23.02,55.81,1.01,50,0,good,50,500,0.49,0,True,False,-94,12,299,71
2026-01-28T12:36:22.505976,41225,0,6,23.02,55.81,1.01,50,0,good,50,500,0.49,0,True,False,-94,12,297,55
2026-01-28T12:36:22.763123,41225,0,6,23.02,55.81,1.01,50,0,good,50,500,0.49,0,True,False,-94,12,299,43
2026-01-28T12:36:23.004696,41225,0,6,23.02,55.81,1.01,50,0,good,50,500,0.49,0,True,False,-94,13,299,61
2026-01-28T12:36:23.243825,41225,0,6,23.02,55.81,1.01,50,0,good,50,500,0.49,0,True,False,-94,12,301,81
2026-01-28T12:36:24.586500,41225,0,6,23.02,55.81,1.01,50,0,good,50,500,0.49,0,True,False,-94,12,299,69
2026-01-28T12:36:24.637755,41225,0,6,23.02,55.81,1.01,50,0,good,50,500,0.49,0,True,False,-94,12,297,58
2026-01-28T12:36:24.673467,41225,0,6,23.02,55.81,1.01,50,0,good,50,500,0.49,0,True,False,-94,11,299,89
2026-01-28T12:36:24.734965,41225,0,6,23.02,55.81,1.01,50,0,good,50,500,0.49,0,True,False,-94,11,299,74
2026-01-28T12:36:24.760144,41225,0,6,23.02,55.81,1.01,50,0,good,50,500,0.49,0,True,False,-94,12,299,61
2026-01-28T12:36:24.802246,41225,0,6,23.02,55.81,1.01,50,0,good,50,500,0.49,0,True,False,-94,12,301,58
2026-01-28T12:36:24.962598,41225,0,6,23.02,55.81,1.01,50,0,good,50,500,0.49,0,True,False,-94,12,300,61
2026-01-28T12:36:25.204092,41225,0,6,23.02,55.81,1.01,50,0,good,50,500,0.49,0,True,False,-94,12,299,89
2026-01-28T12:36:25.439533,41225,0,6,23.02,55.81,1.01,50,0,good,50,500,0.49,0,True,False,-94,12,299,75
2026-01-28T12:36:25.705979,41225,0,6,23.02,55.81,1.01,50,0,good,50,500,0.49,0,True,False,-94,11,300,59
2026-01-28T12:36:25.941466,41225,0,6,23.02,55.81,1.01,50,0,good,50,500,0.49,0,True,False,-94,12,297,63
2026-01-28T12:36:26.169389,41225,0,6,23.02,55.81,1.01,50,0,good,50,500,0.49,0,True,False,-94,12,297,73
2026-01-28T12:36:26.451263,41225,0,6,23.02,55.81,1.01,50,0,good,50,500,0.49,0,True,False,-94,11,293,92
2026-01-28T12:36:26.678202,41225,0,6,23.02,55.81,1.01,50,0,good,50,500,0.49,0,True,False,-94,12,293,59
2026-01-28T12:36:26.900525,41225,0,6,23.02,55.81,1.01,50,0,good,50,500,0.49,0,True,False,-94,12,295,73
2026-01-28T12:36:27.164811,41225,0,6,23.02,55.81,1.01,50,0,good,50,500,0.49,0,True,False,-94,12,297,85
2026-01-28T12:36:27.414892,41225,0,6,23.02,55.81,1.01,50,0,good,50,500,0.49,0,True,False,-94,12,296,68
2026-01-28T12:36:27.651724,41225,0,6,23.02,55.81,1.01,50,0,good,50,500,0.49,0,True,False,-94,11,298,64
2026-01-28T12:36:27.911399,41225,0,6,23.02,55.81,1.01,50,0,good,50,500,0.49,0,True,False,-94,12,297,75
2026-01-28T12:36:28.182214,41225,0,6,23.02,55.81,1.01,50,0,good,50,500,0.49,0,True,False,-94,12,299,57
2026-01-28T12:36:28.400922,41225,0,6,23.02,55.81,1.01,50,0,good,50,500,0.49,0,True,False,-94,12,299,74
2026-01-28T12:36:28.653104,41225,0,6,23.02,55.81,1.01,50,0,good,50,500,0.49,0,True,False,-94,12,297,91
2026-01-28T12:36:28.899752,41225,0,6,23.02,55.81,1.01,50,0,good,50,500,0.49,0,True,False,-94,12,298,61
2026-01-28T12:36:29.116704,41225,0,6,23.02,55.81,1.01,50,0,good,50,500,0.49,0,True,False,-94,12,299,71
2026-01-28T12:36:29.390471,41225,0,6,23.02,55.81,1.01,50,0,good,50,500,0.49,0,True,False,-94,12,297,63
2026-01-28T12:36:29.642746,41225,0,6,23.02,55.81,1.01,50,0,good,50,500,0.49,0,True,False,-94,12,298,71
2026-01-28T12:36:29.853226,41225,0,6,23.02,55.81,1.01,50,0,good,50,500,0.49,0,True,False,-94,12,299,71
2026-01-28T12:36:30.130006,41225,0,6,23.02,55.81,1.01,50,0,good,50,500,0.49,0,True,False,-94,12,299,68
2026-01-28T12:36:30.356080,41225,0,6,23.02,55.81,1.01,50,0,good,50,500,0.49,0,True,False,-94,12,298,62
2026-01-28T12:36:31.957445,41225,0,6,23.02,55.81,1.01,50,0,good,50,500,0.49,0,True,False,-94,12,299,73
2026-01-28T12:36:31.997343,41225,0,6,23.02,55.81,1.01,50,0,good,50,500,0.49,0,True,False,-94,12,299,73
2026-01-28T12:36:32.037684,41225,0,6,23.02,55.81,1.01,50,0,good,50,500,0.49,0,True,False,-94,12,301,63
2026-01-28T12:36:32.095352,41225,0,6,23.02,55.81,1.01,50,0,good,50,500,0.49,0,True,False,-94,12,299,83
2026-01-28T12:36:32.127095,41225,0,6,23.02,55.81,1.01,50,0,good,50,500,0.49,0,True,False,-94,12,299,91
2026-01-28T12:36:32.156546,41225,0,6,23.02,55.81,1.01,50,0,good,50,500,0.49,0,True,False,-94,12,300,59
2026-01-28T12:36:32.190675,41225,0,6,23.02,55.81,1.01,50,0,good,50,500,0.49,0,True,False,-94,12,301,64
2026-01-28T12:36:32.321927,41225,0,6,23.02,55.81,1.01,50,0,good,50,500,0.49,0,True,False,-94,12,300,94
2026-01-28T12:36:32.579112,41225,0,6,23.02,55.81,1.01,50,0,good,50,500,0.49,0,True,False,-94,12,301,74
2026-01-28T12:36:32.801407,41225,0,6,23.02,55.81,1.01,50,0,good,50,500,0.49,0,True,False,-94,12,301,61
2026-01-28T12:36:33.022571,41225,0,6,23.02,55.81,1.01,50,0,good,50,500,0.49,0,True,False,-94,12,299,69
2026-01-28T12:36:33.298632,41225,0,6,23.02,55.81,1.01,50,0,good,50,500,0.49,0,True,False,-94,12,301,87
2026-01-28T12:36:33.515620,41225,0,6,23.02,55.81,1.01,50,0,good,50,500,0.49,0,True,False,-94,12,301,93
2026-01-28T12:36:33.769627,41225,0,6,23.02,55.81,1.01,50,0,good,50,500,0.49,0,True,False,-94,12,303,59
2026-01-28T12:36:34.041718,41225,0,6,23.02,55.81,1.01,50,0,good,50,500,0.49,0,True,False,-94,12,301,85
2026-01-28T12:36:34.252425,41225,0,6,23.02,55.81,1.01,50,0,good,50,500,0.49,0,True,False,-94,12,301,89
2026-01-28T12:36:34.507642,41225,0,6,23.02,55.81,1.01,50,0,good,50,500,0.49,0,True,False,-94,12,301,77
2026-01-28T12:36:34.779537,41225,0,6,23.02,55.81,1.01,50,0,good,50,500,0.49,0,True,False,-94,13,302,57
2026-01-28T12:36:34.968213,41225,0,6,23.02,55.81,1.01,50,0,good,50,500,0.49,0,True,False,-94,12,301,71
2026-01-28T12:36:35.246651,41225,0,6,23.02,55.81,1.01,50,0,good,50,500,0.49,0,True,False,-94,12,301,75
2026-01-28T12:36:35.509215,41225,0,6,23.02,55.81,1.01,50,0,good,50,500,0.49,0,True,False,-94,12,301,75
2026-01-28T12:36:35.717628,41225,0,6,23.02,55.81,1.01,50,0,good,50,500,0.49,0,True,False,-94,12,301,78
2026-01-28T12:36:35.962266,41225,0,6,23.02,55.81,1.01,50,0,good,50,500,0.49,0,True,False,-94,12,303,91
2026-01-28T12:36:36.229895,41225,0,6,23.02,55.81,1.01,50,0,good,50,500,0.49,0,True,False,-94,12,303,71
2026-01-28T12:36:36.455354,41225,0,6,23.02,55.81,1.01,50,0,good,50,500,0.49,0,True,False,-94,12,303,73
2026-01-28T12:36:36.703592,41225,0,6,23.02,55.81,1.01,50,0,good,50,500,0.49,0,True,False,-94,12,303,71
2026-01-28T12:36:36.965672,41225,0,6,23.02,55.81,1.01,50,0,good,50,500,0.49,0,True,False,-94,12,307,95
2026-01-28T12:36:37.181730,41225,0,6,23.02,55.81,1.01,50,0,good,50,500,0.49,0,True,False,-94,12,307,74
2026-01-28T12:36:37.428794,41225,0,6,23.02,55.81,1.01,50,0,good,50,500,0.49,0,True,False,-94,12,307,99
2026-01-28T12:36:37.722877,41225,0,6,23.02,55.81,1.01,50,0,good,50,500,0.49,0,True,False,-94,11,307,69
2026-01-28T12:36:40.794091,41225,0,6,23.02,55.81,1.01,50,0,good,50,500,0.49,0,True,False,-94,12,307,60
2026-01-28T12:36:40.823558,41225,0,6,23.02,55.81,1.01,50,0,good,50,500,0.49,0,True,False,-94,12,307,0
2026-01-28T12:36:40.858532,41225,0,6,23.02,55.81,1.01,50,0,good,50,500,0.49,0,True,False,-94,12,307,69
2026-01-28T12:36:40.897645,41225,0,6,23.02,55.81,1.01,50,0,good,50,500,0.49,0,True,False,-94,12,307,81
2026-01-28T12:36:40.926073,41225,0,6,23.02,55.81,1.01,50,0,good,50,500,0.49,0,True,False,-94,12,309,85
2026-01-28T12:36:40.964634,41225,0,6,23.02,55.81,1.01,50,0,good,50,500,0.49,0,True,False,-94,12,309,73
2026-01-28T12:36:41.006754,41225,0,6,23.02,55.81,1.01,50,0,good,50,500,0.49,0,True,False,-94,12,307,62
2026-01-28T12:36:41.046332,41225,0,6,23.02,55.81,1.01,50,0,good,50,500,0.49,0,True,False,-94,12,309,73
2026-01-28T12:36:41.102167,41225,0,6,23.02,55.81,1.01,50,0,good,50,500,0.49,0,True,False,-94,12,309,0
2026-01-28T12:36:41.140712,41225,0,6,23.02,55.81,1.01,50,0,good,50,500,0.49,0,True,False,-94,12,307,69
2026-01-28T12:36:41.171499,41225,0,6,23.02,55.81,1.01,50,0,good,50,500,0.49,0,True,False,-94,12,309,69
2026-01-28T12:36:41.197662,41225,0,6,23.02,55.81,1.01,50,0,good,50,500,0.49,0,True,False,-94,12,309,81
2026-01-28T12:36:41.253861,41225,0,6,23.02,55.81,1.01,50,0,good,50,500,0.49,0,True,False,-94,12,309,53
2026-01-28T12:36:41.296669,41225,0,6,23.02,55.81,1.01,50,0,good,50,500,0.49,0,True,False,-94,11,309,73
2026-01-28T12:36:41.369691,41225,0,6,23.02,55.81,1.01,50,0,good,50,500,0.49,0,True,False,-94,12,309,87
2026-01-28T12:36:41.598320,41225,0,6,23.02,55.81,1.01,50,0,good,50,500,0.49,0,True,False,-94,12,309,84
2026-01-28T12:36:41.834893,41225,0,6,23.02,55.81,1.01,50,0,good,50,500,0.49,0,True,False,-94,12,311,87
2026-01-28T12:36:42.092618,41225,0,6,23.02,55.81,1.01,50,0,good,50,500,0.49,0,True,False,-94,12,310,57
2026-01-28T12:36:42.319374,41225,0,6,23.02,55.81,1.01,50,0,good,50,500,0.49,0,True,False,-94,12,310,69
2026-01-28T12:36:42.569209,41225,0,6,23.02,55.81,1.01,50,0,good,50,500,0.49,0,True,False,-94,12,309,77
2026-01-28T12:36:42.839477,41225,0,6,23.02,55.81,1.01,50,0,good,50,500,0.49,0,True,False,-94,12,311,73
2026-01-28T12:36:43.070837,41225,0,6,23.02,55.81,1.01,50,0,good,50,500,0.49,0,True,False,-94,12,309,73
2026-01-28T12:36:43.304407,41225,0,6,23.02,55.81,1.01,50,0,good,50,500,0.49,0,True,False,-94,11,311,74
2026-01-28T12:36:43.566647,41225,0,6,23.02,55.81,1.01,50,0,good,50,500,0.49,0,True,False,-94,12,303,63
2026-01-28T12:36:43.777336,41225,0,6,23.02,55.81,1.01,50,0,good,50,500,0.49,0,True,False,-94,12,303,44
2026-01-28T12:36:44.035527,41225,0,6,23.02,55.81,1.01,50,0,good,50,500,0.49,0,True,False,-94,12,307,51
2026-01-28T12:36:44.305440,41225,0,6,23.02,55.81,1.01,50,0,good,50,500,0.49,0,True,False,-94,12,307,78
2026-01-28T12:36:44.542428,41225,0,6,23.02,55.81,1.01,50,0,good,50,500,0.49,0,True,False,-94,12,303,75
2026-01-28T12:36:44.779744,41225,0,6,23.02,55.81,1.01,50,0,good,50,500,0.49,0,True,False,-94,12,307,105
2026-01-28T12:36:45.038816,41225,0,6,23.02,55.81,1.01,50,0,good,50,500,0.49,0,True,False,-94,12,306,71
2026-01-28T12:36:45.250019,41225,0,6,23.02,55.81,1.01,50,0,good,50,500,0.49,0,True,False,-94,12,307,105
2026-01-28T12:36:45.512509,41225,0,6,23.02,55.81,1.01,50,0,good,50,500,0.49,0,True,False,-94,12,308,91
2026-01-28T12:36:50.394516,41225,0,6,23.02,55.81,1.01,50,0,good,50,500,0.49,0,True,False,-94,12,307,76
2026-01-28T12:36:50.437603,41225,0,6,23.02,55.81,1.01,50,0,good,50,500,0.49,0,True,False,-94,12,309,84
2026-01-28T12:36:50.504947,41225,0,6,23.02,55.81,1.01,50,0,good,50,500,0.49,0,True,False,-94,12,307,77
2026-01-28T12:36:50.576272,41225,0,6,23.02,55.81,1.01,50,0,good,50,500,0.49,0,True,False,-94,12,307,87
2026-01-28T12:36:50.614546,41225,0,6,23.02,55.81,1.01,50,0,good,50,500,0.49,0,True,False,-94,12,308,71
2026-01-28T12:36:50.649019,41225,0,6,23.02,55.81,1.01,50,0,good,50,500,0.49,0,True,False,-94,12,309,76
2026-01-28T12:36:50.677045,41225,0,6,23.02,55.81,1.01,50,0,good,50,500,0.49,0,True,False,-94,12,308,0
2026-01-28T12:36:50.736721,41225,0,6,23.02,55.81,1.01,50,0,good,50,500,0.49,0,True,False,-94,12,307,95
2026-01-28T12:36:50.787023,41225,0,6,23.02,55.81,1.01,50,0,good,50,500,0.49,0,True,False,-94,12,307,81
2026-01-28T12:36:50.829936,41225,0,6,23.02,55.81,1.01,50,0,good,50,500,0.49,0,True,False,-94,13,307,99
2026-01-28T12:36:50.866822,41225,0,6,23.02,55.81,1.01,50,0,good,50,500,0.49,0,True,False,-94,12,309,83
2026-01-28T12:36:50.929214,41225,0,6,23.02,55.81,1.01,50,0,good,50,500,0.49,0,True,False,-94,12,308,99
2026-01-28T12:36:50.972763,41225,0,6,23.02,55.81,1.01,50,0,good,50,500,0.49,0,True,False,-94,12,308,73
2026-01-28T12:36:51.010914,41225,0,6,23.02,55.81,1.01,50,0,good,50,500,0.49,0,True,False,-94,12,309,101
2026-01-28T12:36:51.071645,41225,0,6,23.02,55.81,1.01,50,0,good,50,500,0.49,0,True,False,-94,12,309,101
2026-01-28T12:36:51.097538,41225,0,6,23.02,55.81,1.01,50,0,good,50,500,0.49,0,True,False,-94,11,308,83
2026-01-28T12:36:51.137715,41225,0,6,23.02,55.81,1.01,50,0,good,50,500,0.49,0,True,False,-94,12,311,73
2026-01-28T12:36:51.184522,41225,0,6,23.02,55.81,1.01,50,0,good,50,500,0.49,0,True,False,-94,12,311,73
2026-01-28T12:36:51.236637,41225,0,6,23.02,55.81,1.01,50,0,good,50,500,0.49,0,True,False,-94,12,310,81
2026-01-28T12:36:51.270028,41225,0,6,23.02,55.81,1.01,50,0,good,50,500,0.49,0,True,False,-94,12,311,0
2026-01-28T12:36:51.301736,41225,0,6,23.02,55.81,1.01,50,0,good,50,500,0.49,0,True,False,-94,12,309,94
2026-01-28T12:36:51.342972,41225,0,6,23.02,55.81,1.01,50,0,good,50,500,0.49,0,True,False,-94,12,308,73
2026-01-28T12:36:51.375117,41225,0,6,23.02,55.81,1.01,50,0,good,50,500,0.49,0,True,False,-94,12,309,75
2026-01-28T12:36:51.429699,41225,0,6,23.02,55.81,1.01,50,0,good,50,500,0.49,0,True,False,-94,12,309,107
2026-01-28T12:36:51.655627,41225,0,6,23.02,55.81,1.01,50,0,good,50,500,0.49,0,True,False,-94,12,310,77
2026-01-28T12:36:51.857496,41225,0,6,23.02,55.81,1.01,50,0,good,50,500,0.49,0,True,False,-94,11,309,75
2026-01-28T12:36:52.132933,41225,0,6,23.02,55.81,1.01,50,0,good,50,500,0.49,0,True,False,-94,11,309,73
2026-01-28T12:36:52.373393,41225,0,6,23.02,55.81,1.01,50,0,good,50,500,0.49,0,True,False,-94,12,309,85
2026-01-28T12:36:52.584411,41225,0,6,23.02,55.81,1.01,50,0,good,50,500,0.49,0,True,False,-94,12,309,77
2026-01-28T12:36:52.862181,41225,0,6,23.02,55.81,1.01,50,0,good,50,500,0.49,0,True,False,-94,12,311,101
2026-01-28T12:36:53.107631,41225,0,6,23.02,55.81,1.01,50,0,good,50,500,0.49,0,True,False,-94,12,308,83
2026-01-28T12:36:53.348424,41225,0,6,23.02,55.81,1.01,50,0,good,50,500,0.49,0,True,False,-94,12,309,83
2026-01-28T12:36:53.589669,41225,0,6,23.02,55.81,1.01,50,0,good,50,500,0.49,0,True,False,-94,12,309,72
2026-01-28T12:36:53.870176,41225,0,6,23.02,55.81,1.01,50,0,good,50,500,0.49,0,True,False,-94,12,309,77
2026-01-28T12:36:54.079960,41225,0,6,23.02,55.81,1.01,50,0,good,50,500,0.49,0,True,False,-94,12,309,82
2026-01-28T12:36:54.320568,41225,0,6,23.02,55.81,1.01,50,0,good,50,500,0.49,0,True,False,-94,12,309,109
2026-01-28T12:36:54.575554,41225,0,6,23.02,55.81,1.01,50,0,good,50,500,0.49,0,True,False,-94,12,308,92
2026-01-28T12:36:56.591354,41225,0,6,23.02,55.81,1.01,50,0,good,50,500,0.49,0,True,False,-94,12,311,83
2026-01-28T12:36:56.642540,41225,0,6,23.02,55.81,1.01,50,0,good,50,500,0.49,0,True,False,-94,12,309,85
2026-01-28T12:36:56.678329,41225,0,6,23.02,55.81,1.01,50,0,good,50,500,0.49,0,True,False,-94,12,309,71
2026-01-28T12:36:56.727799,41225,0,6,23.02,55.81,1.01,50,0,good,50,500,0.49,0,True,False,-94,12,309,76
2026-01-28T12:36:56.779591,41225,0,6,23.02,55.81,1.01,50,0,good,50,500,0.49,0,True,False,-94,12,307,81
2026-01-28T12:36:56.808723,41225,0,6,23.02,55.81,1.01,50,0,good,50,500,0.49,0,True,False,-94,12,308,91
2026-01-28T12:36:56.854271,41225,0,6,23.02,55.81,1.01,50,0,good,50,500,0.49,0,True,False,-94,12,309,103
2026-01-28T12:36:56.910518,41225,0,6,23.02,55.81,1.01,50,0,good,50,500,0.49,0,True,False,-94,12,309,85
2026-01-28T12:36:56.959126,41225,0,6,23.02,55.81,1.01,50,0,good,50,500,0.49,0,True,False,-94,12,308,93
2026-01-28T12:36:56.992111,41225,0,6,23.02,55.81,1.01,50,0,good,50,500,0.49,0,True,False,-94,12,311,71
2026-01-28T12:36:57.270842,41225,0,6,23.02,55.81,1.01,50,0,good,50,500,0.49,0,True,False,-94,12,312,85
2026-01-28T12:36:57.532452,41225,0,6,23.02,55.81,1.01,50,0,good,50,500,0.49,0,True,False,-94,12,309,74
2026-01-28T12:36:57.739951,41225,0,6,23.02,55.81,1.01,50,0,good,50,500,0.49,0,True,False,-94,12,310,73
2026-01-28T12:36:58.007442,41225,0,6,23.02,55.81,1.01,50,0,good,50,500,0.49,0,True,False,-94,12,311,107
2026-01-28T12:36:58.281567,41225,0,6,23.02,55.81,1.01,50,0,good,50,500,0.49,0,True,False,-94,12,311,82
2026-01-28T12:36:58.475822,41225,0,6,23.02,55.81,1.01,50,0,good,50,500,0.49,0,True,False,-94,12,311,83
2026-01-28T12:36:58.725964,41225,0,6,23.02,55.81,1.01,50,0,good,50,500,0.49,0,True,False,-94,12,311,72
2026-01-28T12:36:58.993765,41225,0,6,23.02,55.81,1.01,50,0,good,50,500,0.49,0,True,False,-94,12,310,82
2026-01-28T12:36:59.207543,41225,0,6,23.02,55.81,1.01,50,0,good,50,500,0.49,0,True,False,-94,12,311,83
2026-01-28T12:36:59.482252,41225,0,6,23.02,55.81,1.01,50,0,good,50,500,0.49,0,True,False,-94,12,313,73
2026-01-28T12:36:59.708404,41225,0,6,23.02,55.81,1.01,50,0,good,50,500,0.49,0,True,False,-94,12,311,83
2026-01-28T12:36:59.928647,41225,0,6,23.02,55.81,1.01,50,0,good,50,500,0.49,0,True,False,-94,12,311,105
2026-01-28T12:37:00.192568,41225,0,6,23.02,55.81,1.01,50,0,good,50,500,0.49,0,True,False,-94,12,311,83
2026-01-28T12:37:00.438068,41225,0,6,23.02,55.81,1.01,50,0,good,50,500,0.49,0,True,False,-94,12,311,87
2026-01-28T12:37:00.677615,41225,0,6,23.02,55.81,1.01,50,0,good,50,500,0.49,0,True,False,-94,12,310,60
2026-01-28T12:37:00.934701,41225,0,6,23.02,55.81,1.01,50,0,good,50,500,0.49,0,True,False,-94,12,311,68
2026-01-28T12:37:01.216877,41225,0,6,23.02,55.81,1.01,50,0,good,50,500,0.49,0,True,False,-94,12,311,70
2026-01-28T12:37:01.398030,41225,0,6,23.02,55.81,1.01,50,0,good,50,500,0.49,0,True,False,-94,12,311,71
2026-01-28T12:37:01.660476,41225,0,6,23.02,55.81,1.01,50,0,good,50,500,0.49,0,True,False,-94,12,311,105
2026-01-28T12:37:01.935355,41225,0,6,23.02,55.81,1.01,50,0,good,50,500,0.49,0,True,False,-94,12,310,93
2026-01-28T12:37:02.140214,41225,0,6,23.02,55.81,1.01,50,0,good,50,500,0.49,0,True,False,-94,12,311,69
2026-01-28T12:37:02.404678,41225,0,6,23.02,55.81,1.01,50,0,good,50,500,0.49,0,True,False,-94,12,313,75
2026-01-28T12:37:04.210037,41225,0,6,23.02,55.81,1.01,50,0,good,50,500,0.49,0,True,False,-94,12,312,74
2026-01-28T12:37:04.258837,41225,0,6,23.02,55.81,1.01,50,0,good,50,500,0.49,0,True,False,-94,12,311,73
2026-01-28T12:37:04.290194,41225,0,6,23.02,55.81,1.01,50,0,good,50,500,0.49,0,True,False,-94,12,311,87
2026-01-28T12:37:04.323242,41225,0,6,23.02,55.81,1.01,50,0,good,50,500,0.49,0,True,False,-94,12,310,105
2026-01-28T12:37:04.354860,41225,0,6,23.02,55.81,1.01,50,0,good,50,500,0.49,0,True,False,-94,12,311,63
2026-01-28T12:37:04.390193,41225,0,6,23.02,55.81,1.01,50,0,good,50,500,0.49,0,True,False,-94,12,312,81
2026-01-28T12:37:04.446446,41225,0,6,23.02,55.81,1.01,50,0,good,50,500,0.49,0,True,False,-94,12,310,81
2026-01-28T12:37:04.474578,41225,0,6,23.02,55.81,1.01,50,0,good,50,500,0.49,0,True,False,-94,11,311,83
2026-01-28T12:37:04.605147,41225,0,6,23.02,55.81,1.01,50,0,good,50,500,0.49,0,True,False,-94,12,311,82
2026-01-28T12:37:04.873003,41225,0,6,23.02,55.81,1.01,50,0,good,50,500,0.49,0,True,False,-94,12,311,75
2026-01-28T12:37:05.069378,41225,0,6,23.02,55.81,1.01,50,0,good,50,500,0.49,0,True,False,-94,12,311,76
2026-01-28T12:37:05.338597,41225,0,6,23.02,55.81,1.01,50,0,good,50,500,0.49,0,True,False,-94,12,313,83
2026-01-28T12:37:05.615397,41225,0,6,23.02,55.81,1.01,50,0,good,50,500,0.49,0,True,False,-94,12,307,77
2026-01-28T12:37:05.825737,41225,0,6,23.02,55.81,1.01,50,0,good,50,500,0.49,0,True,False,-94,12,307,75
2026-01-28T12:37:06.068715,41225,0,6,23.02,55.81,1.01,50,0,good,50,500,0.49,0,True,False,-94,12,307,69
2026-01-28T12:37:06.324904,41225,0,6,23.02,55.81,1.01,50,0,good,50,500,0.49,0,True,False,-94,12,306,71
2026-01-28T12:37:06.543348,41225,0,6,23.02,55.81,1.01,50,0,good,50,500,0.49,0,True,False,-94,12,309,73
2026-01-28T12:37:06.802039,41225,0,6,23.02,55.81,1.01,50,0,good,50,500,0.49,0,True,False,-94,12,307,77
2026-01-28T12:37:07.069672,41225,0,6,23.02,55.81,1.01,50,0,good,50,500,0.49,0,True,False,-94,12,307,93
2026-01-28T12:37:07.284199,41225,0,6,23.02,55.81,1.01,50,0,good,50,500,0.49,0,True,False,-94,12,308,85
2026-01-28T12:37:07.541578,41225,0,6,23.02,55.81,1.01,50,0,good,50,500,0.49,0,True,False,-94,12,308,93
2026-01-28T12:37:07.784438,41225,0,6,23.02,55.81,1.01,50,0,good,50,500,0.49,0,True,False,-94,12,308,103
2026-01-28T12:37:08.014246,41225,0,6,23.02,55.81,1.01,50,0,good,50,500,0.49,0,True,False,-94,12,308,87
2026-01-28T12:37:08.263433,41225,0,6,23.02,55.81,1.01,50,0,good,50,500,0.49,0,True,False,-94,12,308,86
2026-01-28T12:37:08.519800,41225,0,6,23.02,55.81,1.01,50,0,good,50,500,0.49,0,True,False,-94,12,307,88
2026-01-28T12:37:08.745308,41225,0,6,23.02,55.81,1.01,50,0,good,50,500,0.49,0,True,False,-94,12,309,101
2026-01-28T12:37:08.998693,41225,0,6,23.02,55.81,1.01,50,0,good,50,500,0.49,0,True,False,-94,12,308,61
2026-01-28T12:37:09.267378,41225,0,6,23.02,55.81,1.01,50,0,good,50,500,0.49,0,True,False,-94,12,307,104
2026-01-28T12:37:11.477616,41225,0,6,23.02,55.81,1.01,50,0,good,50,500,0.49,0,True,False,-94,12,303,103
2026-01-28T12:37:12.922491,41225,0,6,23.02,55.81,1.01,50,0,good,50,500,0.49,0,True,False,-94,13,303,89
2026-01-28T12:37:12.981713,41225,0,6,23.02,55.81,1.01,50,0,good,50,500,0.49,0,True,False,-94,12,303,83
2026-01-28T12:37:13.042510,41225,0,6,23.02,55.81,1.01,50,0,good,50,500,0.49,0,True,False,-94,12,303,104
2026-01-28T12:37:13.099628,41225,0,6,23.02,55.81,1.01,50,0,good,50,500,0.49,0,True,False,-94,12,303,111
2026-01-28T12:37:13.333947,41225,0,6,23.02,55.81,1.01,50,0,good,50,500,0.49,0,True,False,-94,12,302,89
2026-01-28T12:37:13.371833,41225,0,6,23.02,55.81,1.01,50,0,good,50,500,0.49,0,True,False,-94,12,303,83
2026-01-28T12:37:13.421265,41225,0,6,23.02,55.81,1.01,50,0,good,50,500,0.49,0,True,False,-94,12,301,93
2026-01-28T12:37:13.501587,41225,0,6,23.02,55.81,1.01,50,0,good,50,500,0.49,0,True,False,-94,12,303,87
2026-01-28T12:37:13.556785,41225,0,6,23.02,55.81,1.01,50,0,good,50,500,0.49,0,True,False,-94,12,303,87
2026-01-28T12:37:13.640463,41225,0,6,23.02,55.81,1.01,50,0,good,50,500,0.49,0,True,False,-94,12,307,77
2026-01-28T12:37:13.716866,41225,0,6,23.02,55.81,1.01,50,0,good,50,500,0.49,0,True,False,-94,12,306,73
2026-01-28T12:37:15.992138,41225,0,6,23.02,55.81,1.01,50,0,good,50,500,0.49,0,True,False,-94,12,305,88
2026-01-28T12:37:16.031419,41225,0,6,23.02,55.81,1.01,50,0,good,50,500,0.49,0,True,False,-94,12,304,99
2026-01-28T12:37:16.062701,41225,0,6,23.02,55.81,1.01,50,0,good,50,500,0.49,0,True,False,-94,12,306,21
2026-01-28T12:37:16.091106,41225,0,6,23.02,55.81,1.01,50,0,good,50,500,0.49,0,True,False,-94,11,307,84
2026-01-28T12:37:16.136318,41225,0,6,23.02,55.81,1.01,50,0,good,50,500,0.49,0,True,False,-94,11,307,83
2026-01-28T12:37:16.182177,41225,0,6,23.02,55.81,1.01,50,0,good,50,500,0.49,0,True,False,-94,11,307,75
2026-01-28T12:37:16.221211,41225,0,6,23.02,55.81,1.01,50,0,good,50,500,0.49,0,True,False,-94,12,303,99
2026-01-28T12:37:16.257719,41225,0,6,23.02,55.81,1.01,50,0,good,50,500,0.49,0,True,False,-94,12,303,87
2026-01-28T12:37:16.288047,41225,0,6,23.02,55.81,1.01,50,0,good,50,500,0.49,0,True,False,-94,11,307,76
2026-01-28T12:37:16.323010,41225,0,6,23.02,55.81,1.01,50,0,good,50,500,0.49,0,True,False,-94,11,307,88
2026-01-28T12:37:16.353389,41225,0,6,23.02,55.81,1.01,50,0,good,50,500,0.49,0,True,False,-94,11,307,95
2026-01-28T12:37:16.399074,41225,0,6,23.02,55.81,1.01,50,0,good,50,500,0.49,0,True,False,-94,11,307,72
2026-01-28T12:37:16.432338,41225,0,6,23.02,55.81,1.01,50,0,good,50,500,0.49,0,True,False,-94,11,307,83
2026-01-28T12:37:16.469822,41225,0,6,23.02,55.81,1.01,50,0,good,50,500,0.49,0,True,False,-94,12,302,83
2026-01-28T12:37:16.504073,41225,0,6,23.02,55.81,1.01,50,0,good,50,500,0.49,0,True,False,-94,12,307,111
2026-01-28T12:37:16.533739,41225,0,6,23.02,55.81,1.01,50,0,good,50,500,0.49,0,True,False,-94,12,307,87
2026-01-28T12:37:16.602750,41225,0,6,23.02,55.81,1.01,50,0,good,50,500,0.49,0,True,False,-94,12,307,0
2026-01-28T12:37:16.840439,41225,0,6,23.02,55.81,1.01,50,0,good,50,500,0.49,0,True,False,-94,12,308,72
2026-01-28T13:27:31.990111,0,0,0,0.0,0.0,0.0,0,0,good,0,0,0.0,0,False,False,-94,12,377,111
2026-01-28T13:27:32.209612,0,0,0,0.0,0.0,0.0,0,0,good,0,0,0.0,0,False,False,-94,11,376,140
2026-01-28T13:27:32.423970,0,0,0,0.0,0.0,0.0,0,0,good,0,0,0.0,0,False,False,-94,12,377,103
2026-01-28T13:27:32.676060,0,0,0,0.0,0.0,0.0,0,0,good,0,0,0.0,0,False,False,-94,12,377,113
2026-01-28T13:27:32.967358,0,0,0,0.0,0.0,0.0,0,0,good,0,0,0.0,0,False,False,-94,12,376,121
2026-01-28T13:27:33.301484,0,0,0,0.0,0.0,0.0,0,0,good,0,0,0.0,0,False,False,-94,12,377,125
2026-01-28T13:27:33.523159,0,0,0,0.0,0.0,0.0,0,0,good,0,0,0.0,0,False,False,-94,11,377,119
2026-01-28T13:27:33.776985,0,0,0,0.0,0.0,0.0,0,0,good,0,0,0.0,0,False,False,-94,12,377,115
2026-01-28T13:27:34.035770,0,0,0,0.0,0.0,0.0,0,0,good,0,0,0.0,0,False,False,-94,12,376,51
2026-01-28T13:27:34.264205,0,0,0,0.0,0.0,0.0,0,0,good,0,0,0.0,0,False,False,-94,12,377,103
2026-01-28T13:27:34.519326,0,0,0,0.0,0.0,0.0,0,0,good,0,0,0.0,0,False,False,-94,12,377,109
2026-01-28T13:27:34.765184,0,0,0,0.0,0.0,0.0,0,0,good,0,0,0.0,0,False,False,-94,12,377,110
2026-01-28T13:27:35.022076,0,0,0,0.0,0.0,0.0,0,0,good,0,0,0.0,0,False,False,-94,12,377,105
2026-01-28T13:27:35.249339,0,0,0,0.0,0.0,0.0,0,0,good,0,0,0.0,0,False,False,-94,12,377,121
2026-01-28T13:27:35.501095,0,0,0,0.0,0.0,0.0,0,0,good,0,0,0.0,0,False,False,-94,12,377,141
2026-01-28T13:27:35.726165,0,0,0,0.0,0.0,0.0,0,0,good,0,0,0.0,0,False,False,-94,12,377,116
2026-01-28T13:27:36.015102,0,0,0,0.0,0.0,0.0,0,0,good,0,0,0.0,0,False,False,-94,12,379,111
2026-01-28T13:27:36.279415,0,0,0,0.0,0.0,0.0,0,0,good,0,0,0.0,0,False,False,-94,12,377,121
2026-01-28T13:27:36.465232,0,0,0,0.0,0.0,0.0,0,0,good,0,0,0.0,0,False,False,-94,12,376,117
2026-01-28T13:27:36.711199,0,0,0,0.0,0.0,0.0,0,0,good,0,0,0.0,0,False,False,-94,12,377,127
2026-01-28T13:27:37.018711,0,0,0,0.0,0.0,0.0,0,0,good,0,0,0.0,0,False,False,-94,12,377,119
2026-01-28T13:27:37.336467,0,0,0,0.0,0.0,0.0,0,0,good,0,0,0.0,0,False,False,-94,12,376,132
2026-01-28T13:27:37.559313,0,0,0,0.0,0.0,0.0,0,0,good,0,0,0.0,0,False,False,-94,11,377,111
2026-01-28T13:27:37.916661,0,0,0,0.0,0.0,0.0,0,0,good,0,0,0.0,0,False,False,-94,12,377,139
2026-01-28T13:27:38.070135,0,0,0,0.0,0.0,0.0,0,0,good,0,0,0.0,0,False,False,-94,12,378,105
2026-01-28T13:27:38.296873,0,0,0,0.0,0.0,0.0,0,0,good,0,0,0.0,0,False,False,-94,12,377,119
2026-01-28T13:27:38.568180,0,0,0,0.0,0.0,0.0,0,0,good,0,0,0.0,0,False,False,-94,11,377,141
2026-01-28T13:27:38.805665,0,0,0,0.0,0.0,0.0,0,0,good,0,0,0.0,0,False,False,-94,12,378,147
2026-01-28T13:27:39.075744,0,0,0,0.0,0.0,0.0,0,0,good,0,0,0.0,0,False,False,-94,12,377,143
2026-01-28T13:27:39.283340,0,0,0,0.0,0.0,0.0,0,0,good,0,0,0.0,0,False,False,-94,12,378,119
2026-01-28T13:27:39.537373,0,0,0,0.0,0.0,0.0,0,0,good,0,0,0.0,0,False,False,-94,12,378,120
2026-01-28T13:27:39.777605,0,0,0,0.0,0.0,0.0,0,0,good,0,0,0.0,0,False,False,-94,11,377,119
2026-01-28T13:27:40.064677,0,0,0,0.0,0.0,0.0,0,0,good,0,0,0.0,0,False,False,-94,12,381,122
2026-01-28T13:27:40.277613,0,0,0,0.0,0.0,0.0,0,0,good,0,0,0.0,0,False,False,-94,12,375,141
2026-01-28T13:27:40.495010,0,0,0,0.0,0.0,0.0,0,0,good,0,0,0.0,0,False,False,-94,11,377,122
2026-01-28T13:27:40.748897,0,0,0,0.0,0.0,0.0,0,0,good,0,0,0.0,0,False,False,-94,12,375,123
2026-01-28T13:27:41.066905,0,0,0,0.0,0.0,0.0,0,0,good,0,0,0.0,0,False,False,-94,12,378,119
2026-01-28T13:27:41.370671,0,0,0,0.0,0.0,0.0,0,0,good,0,0,0.0,0,False,False,-94,12,376,133
2026-01-28T13:27:41.598646,0,0,0,0.0,0.0,0.0,0,0,good,0,0,0.0,0,False,False,-94,12,377,141
2026-01-28T13:27:41.851553,0,0,0,0.0,0.0,0.0,0,0,good,0,0,0.0,0,False,False,-94,11,377,126
2026-01-28T13:27:42.112137,0,0,0,0.0,0.0,0.0,0,0,good,0,0,0.0,0,False,False,-94,12,376,121
2026-01-28T13:27:42.330564,0,0,0,0.0,0.0,0.0,0,0,good,0,0,0.0,0,False,False,-94,12,376,134
2026-01-28T13:27:42.587075,0,0,0,0.0,0.0,0.0,0,0,good,0,0,0.0,0,False,False,-94,12,377,117
2026-01-28T13:27:42.840138,0,0,0,0.0,0.0,0.0,0,0,good,0,0,0.0,0,False,False,-94,12,376,121
2026-01-28T13:27:43.097972,0,0,0,0.0,0.0,0.0,0,0,good,0,0,0.0,0,False,False,-94,12,377,116
2026-01-28T13:27:43.317187,0,0,0,0.0,0.0,0.0,0,0,good,0,0,0.0,0,False,False,-94,12,377,141
2026-01-28T13:27:43.574147,0,0,0,0.0,0.0,0.0,0,0,good,0,0,0.0,0,False,False,-94,12,377,111
2026-01-28T13:27:43.797761,0,0,0,0.0,0.0,0.0,0,0,good,0,0,0.0,0,False,False,-94,12,376,147
2026-01-28T13:27:44.089111,0,0,0,0.0,0.0,0.0,0,0,good,0,0,0.0,0,False,False,-94,12,378,104
2026-01-28T13:27:44.309225,0,0,0,0.0,0.0,0.0,0,0,good,0,0,0.0,0,False,False,-94,11,377,111
2026-01-28T13:27:44.532727,0,0,0,0.0,0.0,0.0,0,0,good,0,0,0.0,0,False,False,-94,12,377,113
2026-01-28T13:27:44.802860,0,0,0,0.0,0.0,0.0,0,0,good,0,0,0.0,0,False,False,-94,12,377,119
2026-01-28T13:27:45.091586,0,0,0,0.0,0.0,0.0,0,0,good,0,0,0.0,0,False,False,-94,12,376,93
2026-01-28T13:27:45.409776,0,0,0,0.0,0.0,0.0,0,0,good,0,0,0.0,0,False,False,-94,12,376,139
2026-01-28T13:27:45.633521,0,0,0,0.0,0.0,0.0,0,0,good,0,0,0.0,0,False,False,-94,12,377,143
2026-01-28T13:27:45.892141,0,0,0,0.0,0.0,0.0,0,0,good,0,0,0.0,0,False,False,-94,12,377,111
2026-01-28T13:27:46.147631,0,0,0,0.0,0.0,0.0,0,0,good,0,0,0.0,0,False,False,-94,12,376,123
2026-01-28T13:27:46.364691,0,0,0,0.0,0.0,0.0,0,0,good,0,0,0.0,0,False,False,-94,12,376,135
2026-01-28T13:27:46.645193,0,0,0,0.0,0.0,0.0,0,0,good,0,0,0.0,0,False,False,-94,12,377,127
2026-01-28T13:27:46.879203,0,0,0,0.0,0.0,0.0,0,0,good,0,0,0.0,0,False,False,-94,11,376,135
2026-01-28T13:27:47.131618,0,0,0,0.0,0.0,0.0,0,0,good,0,0,0.0,0,False,False,-94,12,376,116
2026-01-28T13:27:47.359491,0,0,0,0.0,0.0,0.0,0,0,good,0,0,0.0,0,False,False,-94,12,377,125
2026-01-28T13:27:47.613738,0,0,0,0.0,0.0,0.0,0,0,good,0,0,0.0,0,False,False,-94,12,377,105
2026-01-28T13:27:47.834661,0,0,0,0.0,0.0,0.0,0,0,good,0,0,0.0,0,False,False,-94,12,376,115
2026-01-28T13:27:48.130659,0,0,0,0.0,0.0,0.0,0,0,good,0,0,0.0,0,False,False,-94,12,377,121
2026-01-28T13:27:48.349653,0,0,0,0.0,0.0,0.0,0,0,good,0,0,0.0,0,False,False,-94,12,376,2
2026-01-28T13:27:48.572223,0,0,0,0.0,0.0,0.0,0,0,good,0,0,0.0,0,False,False,-94,11,378,100
2026-01-28T13:27:50.857439,0,0,0,0.0,0.0,0.0,0,0,good,0,0,0.0,0,False,False,-94,12,377,116
2026-01-28T13:27:50.874893,0,0,0,0.0,0.0,0.0,0,0,good,0,0,0.0,0,False,False,-94,12,377,118
2026-01-28T13:27:50.895162,0,0,0,0.0,0.0,0.0,0,0,good,0,0,0.0,0,False,False,-94,12,375,109
2026-01-28T13:27:50.920969,0,0,0,0.0,0.0,0.0,0,0,good,0,0,0.0,0,False,False,-94,12,377,145
2026-01-28T13:27:50.945687,0,0,0,0.0,0.0,0.0,0,0,good,0,0,0.0,0,False,False,-94,12,377,117
2026-01-28T13:27:53.822593,0,0,0,0.0,0.0,0.0,0,0,good,0,0,0.0,0,False,False,-94,12,377,121
2026-01-28T13:27:53.853194,0,0,0,0.0,0.0,0.0,0,0,good,0,0,0.0,0,False,False,-94,11,377,123
2026-01-28T13:27:53.886279,0,0,0,0.0,0.0,0.0,0,0,good,0,0,0.0,0,False,False,-94,12,379,109
2026-01-28T13:27:53.914690,0,0,0,0.0,0.0,0.0,0,0,good,0,0,0.0,0,False,False,-94,12,376,105
2026-01-28T13:27:53.947956,0,0,0,0.0,0.0,0.0,0,0,good,0,0,0.0,0,False,False,-94,12,377,52
2026-01-28T13:27:53.981667,0,0,0,0.0,0.0,0.0,0,0,good,0,0,0.0,0,False,False,-94,12,377,141
2026-01-28T13:27:54.006766,0,0,0,0.0,0.0,0.0,0,0,good,0,0,0.0,0,False,False,-94,12,377,117
2026-01-28T13:27:54.033795,0,0,0,0.0,0.0,0.0,0,0,good,0,0,0.0,0,False,False,-94,12,377,116
2026-01-28T13:27:54.055276,0,0,0,0.0,0.0,0.0,0,0,good,0,0,0.0,0,False,False,-94,11,376,115
2026-01-28T13:27:54.079444,0,0,0,0.0,0.0,0.0,0,0,good,0,0,0.0,0,False,False,-94,12,376,105
2026-01-28T13:27:54.106649,0,0,0,0.0,0.0,0.0,0,0,good,0,0,0.0,0,False,False,-94,12,377,110
2026-01-28T13:27:54.304632,0,0,0,0.0,0.0,0.0,0,0,good,0,0,0.0,0,False,False,-94,12,377,115
2026-01-28T13:27:54.323035,0,0,0,0.0,0.0,0.0,0,0,good,0,0,0.0,0,False,False,-94,12,376,121
2026-01-28T13:27:54.345531,0,0,0,0.0,0.0,0.0,0,0,good,0,0,0.0,0,False,False,-94,12,379,125
2026-01-28T13:27:54.371656,0,0,0,0.0,0.0,0.0,0,0,good,0,0,0.0,0,False,False,-94,12,377,149
2026-01-28T13:27:54.396011,0,0,0,0.0,0.0,0.0,0,0,good,0,0,0.0,0,False,False,-94,12,375,145
2026-01-28T13:27:54.422557,0,0,0,0.0,0.0,0.0,0,0,good,0,0,0.0,0,False,False,-94,11,376,107
2026-01-28T13:27:54.444399,0,0,0,0.0,0.0,0.0,0,0,good,0,0,0.0,0,False,False,-94,11,379,120
2026-01-28T13:27:54.693525,0,0,0,0.0,0.0,0.0,0,0,good,0,0,0.0,0,False,False,-94,12,377,122
2026-01-28T13:27:54.958793,0,0,0,0.0,0.0,0.0,0,0,good,0,0,0.0,0,False,False,-94,12,375,137
2026-01-28T13:27:55.214359,0,0,0,0.0,0.0,0.0,0,0,good,0,0,0.0,0,False,False,-94,12,376,123
2026-01-28T13:27:55.429714,0,0,0,0.0,0.0,0.0,0,0,good,0,0,0.0,0,False,False,-94,12,377,121
2026-01-28T13:27:55.685452,0,0,0,0.0,0.0,0.0,0,0,good,0,0,0.0,0,False,False,-94,12,376,117
2026-01-28T13:27:55.934101,0,0,0,0.0,0.0,0.0,0,0,good,0,0,0.0,0,False,False,-94,12,377,107
2026-01-28T13:27:56.208988,0,0,0,0.0,0.0,0.0,0,0,good,0,0,0.0,0,False,False,-94,12,377,125
2026-01-28T13:27:56.445612,0,0,0,0.0,0.0,0.0,0,0,good,0,0,0.0,0,False,False,-94,12,375,123
2026-01-28T13:27:56.649274,0,0,0,0.0,0.0,0.0,0,0,good,0,0,0.0,0,False,False,-94,13,377,127
2026-01-28T13:27:56.897523,0,0,0,0.0,0.0,0.0,0,0,good,0,0,0.0,0,False,False,-94,12,377,133
2026-01-28T13:27:57.212777,0,0,0,0.0,0.0,0.0,0,0,good,0,0,0.0,0,False,False,-94,12,375,127
2026-01-28T13:27:57.520764,0,0,0,0.0,0.0,0.0,0,0,good,0,0,0.0,0,False,False,-94,12,376,111
2026-01-28T13:27:57.745016,0,0,0,0.0,0.0,0.0,0,0,good,0,0,0.0,0,False,False,-95,11,377,103
2026-01-28T13:27:57.999236,0,0,0,0.0,0.0,0.0,0,0,good,0,0,0.0,0,False,False,-95,12,376,103
2026-01-28T13:27:58.251141,0,0,0,0.0,0.0,0.0,0,0,good,0,0,0.0,0,False,False,-95,12,378,120
2026-01-28T13:28:01.559886,0,0,0,0.0,0.0,0.0,0,0,good,0,0,0.0,0,False,False,-94,12,376,118
2026-01-28T13:28:01.810437,0,0,0,0.0,0.0,0.0,0,0,good,0,0,0.0,0,False,False,-94,12,379,124
2026-01-28T13:28:02.073926,0,0,0,0.0,0.0,0.0,0,0,good,0,0,0.0,0,False,False,-94,12,377,136
2026-01-28T13:28:02.307414,0,0,0,0.0,0.0,0.0,0,0,good,0,0,0.0,0,False,False,-94,12,379,125
2026-01-28T13:28:02.552240,0,0,0,0.0,0.0,0.0,0,0,good,0,0,0.0,0,False,False,-94,12,377,121
2026-01-28T13:28:02.808486,0,0,0,0.0,0.0,0.0,0,0,good,0,0,0.0,0,False,False,-94,12,377,115
2026-01-28T13:28:03.025096,0,0,0,0.0,0.0,0.0,0,0,good,0,0,0.0,0,False,False,-94,12,377,123
2026-01-28T13:28:03.294185,0,0,0,0.0,0.0,0.0,0,0,good,0,0,0.0,0,False,False,-94,12,378,121
2026-01-28T13:28:03.534454,0,0,0,0.0,0.0,0.0,0,0,good,0,0,0.0,0,False,False,-94,12,377,121
2026-01-28T13:28:03.766904,0,0,0,0.0,0.0,0.0,0,0,good,0,0,0.0,0,False,False,-94,12,377,105
2026-01-28T13:28:04.017483,0,0,0,0.0,0.0,0.0,0,0,good,0,0,0.0,0,False,False,-94,12,377,127
2026-01-28T13:28:04.293747,0,0,0,0.0,0.0,0.0,0,0,good,0,0,0.0,0,False,False,-94,12,379,115
2026-01-28T13:28:04.653279,0,0,0,0.0,0.0,0.0,0,0,good,0,0,0.0,0,False,False,-94,12,376,125
2026-01-28T13:28:04.931320,41225,0,6,22.3,56.56,1.009,50,0,good,50,500,0.49,0,True,False,-94,12,377,123
2026-01-28T13:28:05.189204,41225,0,6,22.3,56.56,1.009,50,0,good,50,500,0.49,0,True,False,-94,12,378,109
2026-01-28T13:28:05.438331,41225,0,6,22.3,56.56,1.009,50,0,good,50,500,0.49,0,True,False,-94,12,376,121
2026-01-28T13:28:05.668563,41225,0,6,22.3,56.56,1.009,50,0,good,50,500,0.49,0,True,False,-94,12,377,45
2026-01-28T13:28:05.926641,41225,0,6,22.3,56.56,1.009,50,0,good,50,500,0.49,0,True,False,-94,12,377,115
2026-01-28T13:28:06.176756,41225,0,6,22.3,56.56,1.009,50,0,good,50,500,0.49,0,True,False,-94,12,377,141
2026-01-28T13:28:06.404090,41225,0,6,22.3,56.56,1.009,50,0,good,50,500,0.49,0,True,False,-94,12,379,121
2026-01-28T13:28:06.654788,41225,0,6,22.3,56.56,1.009,50,0,good,50,500,0.49,0,True,False,-94,12,377,120
2026-01-28T13:28:06.912246,41225,0,6,22.3,56.56,1.009,50,0,good,50,500,0.49,0,True,False,-94,12,377,103
2026-01-28T13:28:07.139400,41225,0,6,22.3,56.56,1.009,50,0,good,50,500,0.49,0,True,False,-94,13,379,141
2026-01-28T13:28:07.387374,41225,0,6,22.3,56.56,1.009,50,0,good,50,500,0.49,0,True,False,-94,12,377,137
2026-01-28T13:28:07.659072,41225,0,6,22.3,56.56,1.009,50,0,good,50,500,0.49,0,True,False,-94,12,377,104
2026-01-28T13:28:07.869143,41225,0,6,22.3,56.56,1.009,50,0,good,50,500,0.49,0,True,False,-94,12,379,124
2026-01-28T13:28:08.126621,41225,0,6,22.3,56.56,1.009,50,0,good,50,500,0.49,0,True,False,-94,12,377,123
2026-01-28T13:28:08.377800,41225,0,6,22.3,56.56,1.009,50,0,good,50,500,0.49,0,True,False,-94,12,376,135
2026-01-28T13:28:08.607101,41225,0,6,22.3,56.56,1.009,50,0,good,50,500,0.49,0,True,False,-94,12,377,117
2026-01-28T13:28:08.854961,41225,0,6,22.3,56.56,1.009,50,0,good,50,500,0.49,0,True,False,-94,12,379,117
2026-01-28T13:28:09.110167,41225,0,6,22.3,56.56,1.009,50,0,good,50,500,0.49,0,True,False,-94,12,378,119
2026-01-28T13:28:09.336034,41225,0,6,22.3,56.56,1.009,50,0,good,50,500,0.49,0,True,False,-94,12,377,118
2026-01-28T13:28:09.586879,41225,0,6,22.3,56.56,1.009,50,0,good,50,500,0.49,0,True,False,-94,12,377,115
2026-01-28T13:28:09.931594,41225,0,6,22.3,56.56,1.009,50,0,good,50,500,0.49,0,True,False,-94,12,377,135
2026-01-28T13:28:10.076228,41225,0,6,22.3,56.56,1.009,50,0,good,50,500,0.49,0,True,False,-94,12,377,137
2026-01-28T13:28:10.323467,41225,0,6,22.3,56.56,1.009,50,0,good,50,500,0.49,0,True,False,-94,12,379,117
2026-01-28T13:28:10.576717,41225,0,6,22.3,56.56,1.009,50,0,good,50,500,0.49,0,True,False,-94,12,378,123
2026-01-28T13:28:10.805709,41225,0,6,22.3,56.56,1.009,50,0,good,50,500,0.49,0,True,False,-94,12,377,118
2026-01-28T13:28:11.057456,41225,0,6,22.3,56.56,1.009,50,0,good,50,500,0.49,0,True,False,-94,12,377,117
2026-01-28T13:28:11.315520,41225,0,6,22.3,56.56,1.009,50,0,good,50,500,0.49,0,True,False,-94,12,376,156
2026-01-28T13:28:11.535743,41225,0,6,22.3,56.56,1.009,50,0,good,50,500,0.49,0,True,False,-94,12,377,123
2026-01-28T13:28:11.794505,41225,0,6,22.3,56.56,1.009,50,0,good,50,500,0.49,0,True,False,-94,12,376,115
2026-01-28T13:28:12.054202,41225,0,6,22.3,56.56,1.009,50,0,good,50,500,0.49,0,True,False,-94,12,378,109
2026-01-28T13:28:12.268402,41225,0,6,22.3,56.56,1.009,50,0,good,50,500,0.49,0,True,False,-94,12,377,119
2026-01-28T13:28:12.530376,41225,0,6,22.3,56.56,1.009,50,0,good,50,500,0.49,0,True,False,-94,12,377,111
2026-01-28T13:28:12.782773,41225,0,6,22.3,56.56,1.009,50,0,good,50,500,0.49,0,True,False,-94,12,376,135
2026-01-28T13:28:13.035587,41225,0,6,22.3,56.56,1.009,50,0,good,50,500,0.49,0,True,False,-94,12,378,117
2026-01-28T13:28:13.255619,41225,0,6,22.3,56.56,1.009,50,0,good,50,500,0.49,0,True,False,-94,12,377,143
2026-01-28T13:28:13.512049,41225,0,6,22.3,56.56,1.009,50,0,good,50,500,0.49,0,True,False,-94,12,378,117
2026-01-28T13:28:13.739415,41225,0,6,22.3,56.56,1.009,50,0,good,50,500,0.49,0,True,False,-94,12,377,115
2026-01-28T13:28:13.992623,41225,0,6,22.3,56.56,1.009,50,0,good,50,500,0.49,0,True,False,-94,12,377,117
2026-01-28T13:28:14.246185,41225,0,6,22.3,56.56,1.009,50,0,good,50,500,0.49,0,True,False,-94,12,377,115
2026-01-28T13:28:14.474998,41225,0,6,22.3,56.56,1.009,50,0,good,50,500,0.49,0,True,False,-94,12,377,135
2026-01-28T13:28:14.730046,41225,0,6,22.3,56.56,1.009,50,0,good,50,500,0.49,0,True,False,-94,12,377,118
2026-01-28T13:28:14.988452,41225,0,6,22.3,56.56,1.009,50,0,good,50,500,0.49,0,True,False,-94,12,378,123
2026-01-28T13:28:15.213610,41225,0,6,22.3,56.56,1.009,50,0,good,50,500,0.49,0,True,False,-94,12,377,133
2026-01-28T13:28:15.459828,41225,0,6,22.3,56.56,1.009,50,0,good,50,500,0.49,0,True,False,-94,12,379,107
2026-01-28T13:28:15.714235,41225,0,6,22.3,56.56,1.009,50,0,good,50,500,0.49,0,True,False,-94,12,376,109
2026-01-28T13:28:15.940893,41225,0,6,22.3,56.56,1.009,50,0,good,50,500,0.49,0,True,False,-94,12,376,139
2026-01-28T13:28:16.197492,41225,0,6,22.3,56.56,1.009,50,0,good,50,500,0.49,0,True,False,-94,12,377,123
2026-01-28T13:28:16.453705,41225,0,6,22.3,56.56,1.009,50,0,good,50,500,0.49,0,True,False,-94,12,376,106
2026-01-28T13:28:16.674426,41225,0,6,22.3,56.56,1.009,50,0,good,50,500,0.49,0,True,False,-94,12,377,134
2026-01-28T13:28:16.937126,41225,0,6,22.3,56.56,1.009,50,0,good,50,500,0.49,0,True,False,-94,12,377,107
2026-01-28T13:28:17.190018,41225,0,6,22.3,56.56,1.009,50,0,good,50,500,0.49,0,True,False,-94,12,376,119
2026-01-28T13:28:17.405455,41225,0,6,22.3,56.56,1.009,50,0,good,50,500,0.49,0,True,False,-94,12,378,125
2026-01-28T13:28:17.667382,41225,0,6,22.3,56.56,1.009,50,0,good,50,500,0.49,0,True,False,-94,12,377,115
2026-01-28T13:28:17.930529,41225,0,6,22.3,56.56,1.009,50,0,good,50,500,0.49,0,True,False,-94,12,378,119
2026-01-28T13:28:18.142527,41225,0,6,22.3,56.56,1.009,50,0,good,50,500,0.49,0,True,False,-94,12,377,147
2026-01-28T13:28:18.402049,41225,0,6,22.3,56.56,1.009,50,0,good,50,500,0.49,0,True,False,-94,12,377,133
2026-01-28T13:28:18.654390,41225,0,6,22.3,56.56,1.009,50,0,good,50,500,0.49,0,True,False,-94,12,376,123
2026-01-28T13:28:18.877273,41225,0,6,22.3,56.56,1.009,50,0,good,50,500,0.49,0,True,False,-94,12,378,118
2026-01-28T13:28:19.136176,41225,0,6,22.3,56.56,1.009,50,0,good,50,500,0.49,0,True,False,-94,12,377,117
2026-01-28T13:28:19.387584,41225,0,6,22.3,56.56,1.009,50,0,good,50,500,0.49,0,True,False,-94,12,380,115
2026-01-28T13:28:19.608403,41225,0,6,22.3,56.56,1.009,50,0,good,50,500,0.49,0,True,False,-94,12,379,121
2026-01-28T13:28:19.867885,41225,0,6,22.3,56.56,1.009,50,0,good,50,500,0.49,0,True,False,-94,12,377,119
2026-01-28T13:28:20.119743,41225,0,6,22.3,56.56,1.009,50,0,good,50,500,0.49,0,True,False,-94,12,376,112
2026-01-28T13:28:20.342553,41225,0,6,22.3,56.56,1.009,50,0,good,50,500,0.49,0,True,False,-94,12,377,124
2026-01-28T13:28:20.599357,41225,0,6,22.3,56.56,1.009,50,0,good,50,500,0.49,0,True,False,-94,12,377,116
2026-01-28T13:28:20.856221,41225,0,6,22.3,56.56,1.009,50,0,good,50,500,0.49,0,True,False,-94,12,377,123
2026-01-28T13:28:21.076984,41225,0,6,22.3,56.56,1.009,50,0,good,50,500,0.49,0,True,False,-94,12,377,116
2026-01-28T13:28:21.337971,41225,0,6,22.3,56.56,1.009,50,0,good,50,500,0.49,0,True,False,-94,12,377,117
2026-01-28T13:28:21.585307,41225,0,6,22.3,56.56,1.009,50,0,good,50,500,0.49,0,True,False,-94,12,378,124
2026-01-28T13:28:21.812503,41225,0,6,22.3,56.56,1.009,50,0,good,50,500,0.49,0,True,False,-94,12,378,125
2026-01-28T13:28:22.095679,41225,0,6,22.3,56.56,1.009,50,0,good,50,500,0.49,0,True,False,-94,12,377,107
2026-01-28T13:28:22.325117,41225,0,6,22.3,56.56,1.009,50,0,good,50,500,0.49,0,True,False,-94,12,378,149
2026-01-28T13:28:22.546474,41225,0,6,22.3,56.56,1.009,50,0,good,50,500,0.49,0,True,False,-94,12,377,125
2026-01-28T13:28:22.800673,41225,0,6,22.3,56.56,1.009,50,0,good,50,500,0.49,0,True,False,-94,12,377,105
2026-01-28T13:28:23.053415,41225,0,6,22.3,56.56,1.009,50,0,good,50,500,0.49,0,True,False,-94,13,376,119
2026-01-28T13:28:23.284067,41225,0,6,22.3,56.56,1.009,50,0,good,50,500,0.49,0,True,False,-94,12,376,119
2026-01-28T13:28:23.532362,41225,0,6,22.3,56.56,1.009,50,0,good,50,500,0.49,0,True,False,-94,12,377,121
2026-01-28T13:28:23.789923,41225,0,6,22.3,56.56,1.009,50,0,good,50,500,0.49,0,True,False,-94,12,378,121
2026-01-28T13:28:24.014406,41225,0,6,22.3,56.56,1.009,50,0,good,50,500,0.49,0,True,False,-94,12,379,140
2026-01-28T13:28:24.269940,41225,0,6,22.3,56.56,1.009,50,0,good,50,500,0.49,0,True,False,-94,12,379,114
2026-01-28T13:28:24.530931,41225,0,6,22.3,56.56,1.009,50,0,good,50,500,0.49,0,True,False,-94,12,377,135
2026-01-28T13:28:24.747384,41225,0,6,22.3,56.56,1.009,50,0,good,50,500,0.49,0,True,False,-94,12,377,123
2026-01-28T13:28:25.003673,41225,0,6,22.3,56.56,1.009,50,0,good,50,500,0.49,0,True,False,-94,12,379,139
2026-01-28T13:28:25.262645,41225,0,6,22.3,56.56,1.009,50,0,good,50,500,0.49,0,True,False,-94,12,378,0
2026-01-28T13:28:25.487044,41225,0,6,22.3,56.56,1.009,50,0,good,50,500,0.49,0,True,False,-94,12,379,93
2026-01-28T13:28:25.745684,41225,0,6,22.3,56.56,1.009,50,0,good,50,500,0.49,0,True,False,-94,12,377,93
2026-01-28T13:28:25.990963,41225,0,6,22.3,56.56,1.009,50,0,good,50,500,0.49,0,True,False,-94,12,377,109
2026-01-28T13:28:26.215380,41225,0,6,22.3,56.56,1.009,50,0,good,50,500,0.49,0,True,False,-94,12,377,135
2026-01-28T13:28:26.468501,41225,0,6,22.3,56.56,1.009,50,0,good,50,500,0.49,0,True,False,-94,12,377,121
2026-01-28T13:28:26.722834,41225,0,6,22.3,56.56,1.009,50,0,good,50,500,0.49,0,True,False,-94,12,381,111
2026-01-28T13:28:26.949198,41225,0,6,22.3,56.56,1.009,50,0,good,50,500,0.49,0,True,False,-94,12,377,119
2026-01-28T13:28:27.205237,41225,0,6,22.3,56.56,1.009,50,0,good,50,500,0.49,0,True,False,-94,12,378,119
2026-01-28T13:28:27.469791,41225,0,6,22.3,56.56,1.009,50,0,good,50,500,0.49,0,True,False,-94,12,375,121
2026-01-28T13:28:27.689843,41225,0,6,22.3,56.56,1.009,50,0,good,50,500,0.49,0,True,False,-94,12,379,118
2026-01-28T13:28:27.946125,41225,0,6,22.3,56.56,1.009,50,0,good,50,500,0.49,0,True,False,-94,12,378,107
2026-01-28T13:28:28.197278,41225,0,6,22.3,56.56,1.009,50,0,good,50,500,0.49,0,True,False,-94,12,378,117
2026-01-28T13:28:28.451815,41225,0,6,22.3,56.56,1.009,50,0,good,50,500,0.49,0,True,False,-94,12,377,145
2026-01-28T13:28:28.674903,41225,0,6,22.3,56.56,1.009,50,0,good,50,500,0.49,0,True,False,-94,12,379,149
2026-01-28T13:28:28.949677,41225,0,6,22.3,56.56,1.009,50,0,good,50,500,0.49,0,True,False,-94,12,377,123
2026-01-28T13:28:29.153381,41225,0,6,22.3,56.56,1.009,50,0,good,50,500,0.49,0,True,False,-94,12,379,120
2026-01-28T13:28:29.407377,41225,0,6,22.3,56.56,1.009,50,0,good,50,500,0.49,0,True,False,-94,12,379,115
2026-01-28T13:28:29.664701,41225,0,6,22.3,56.56,1.009,50,0,good,50,500,0.49,0,True,False,-94,12,377,127
2026-01-28T13:28:29.889316,41225,0,6,22.3,56.56,1.009,50,0,good,50,500,0.49,0,True,False,-94,12,377,141
2026-01-28T13:28:30.149418,41225,0,6,22.3,56.56,1.009,50,0,good,50,500,0.49,0,True,False,-94,12,374,123
2026-01-28T13:28:30.399409,41225,0,6,22.3,56.56,1.009,50,0,good,50,500,0.49,0,True,False,-94,12,377,123
2026-01-28T13:28:30.621127,41225,0,6,22.3,56.56,1.009,50,0,good,50,500,0.49,0,True,False,-94,12,377,121
2026-01-28T13:28:30.905645,41225,0,6,22.3,56.56,1.009,50,0,good,50,500,0.49,0,True,False,-94,12,379,108
2026-01-28T13:28:31.127310,41225,0,6,22.3,56.56,1.009,50,0,good,50,500,0.49,0,True,False,-94,12,376,135
2026-01-28T13:28:31.376454,41225,0,6,22.3,56.56,1.009,50,0,good,50,500,0.49,0,True,False,-94,12,377,117
2026-01-28T13:28:31.608368,41225,0,6,22.3,56.56,1.009,50,0,good,50,500,0.49,0,True,False,-94,12,379,117
2026-01-28T13:28:31.895761,41225,0,6,22.3,56.56,1.009,50,0,good,50,500,0.49,0,True,False,-94,12,377,103
2026-01-28T13:28:32.089835,41225,0,6,22.3,56.56,1.009,50,0,good,50,500,0.49,0,True,False,-94,12,377,131
2026-01-28T13:28:32.376135,41225,0,6,22.3,56.56,1.009,50,0,good,50,500,0.49,0,True,False,-94,12,379,25
2026-01-28T13:28:32.597924,41225,0,6,22.3,56.56,1.009,50,0,good,50,500,0.49,0,True,False,-94,12,378,121
2026-01-28T13:28:32.821576,41225,0,6,22.3,56.56,1.009,50,0,good,50,500,0.49,0,True,False,-94,12,379,143
2026-01-28T13:28:33.075504,41225,0,6,22.3,56.56,1.009,50,0,good,50,500,0.49,0,True,False,-94,12,377,127
2026-01-28T13:28:33.331858,41225,0,6,22.3,56.56,1.009,50,0,good,50,500,0.49,0,True,False,-94,12,379,111
2026-01-28T13:28:33.559083,41225,0,6,22.3,56.56,1.009,50,0,good,50,500,0.49,0,True,False,-94,12,379,123
2026-01-28T13:28:33.815480,41225,0,6,22.3,56.56,1.009,50,0,good,50,500,0.49,0,True,False,-94,12,377,101
2026-01-28T13:28:34.092404,41225,0,6,22.3,56.56,1.009,50,0,good,50,500,0.49,0,True,False,-94,12,377,105
2026-01-28T13:28:34.290972,41225,0,6,22.3,56.56,1.009,50,0,good,50,500,0.49,0,True,False,-94,12,377,133
2026-01-28T13:28:34.547698,41225,0,6,22.3,56.56,1.009,50,0,good,50,500,0.49,0,True,False,-94,12,377,102
2026-01-28T13:28:34.797754,41225,0,6,22.3,56.56,1.009,50,0,good,50,500,0.49,0,True,False,-94,12,379,99
2026-01-28T13:28:35.024662,41225,0,6,22.3,56.56,1.009,50,0,good,50,500,0.49,0,True,False,-94,12,378,76
2026-01-28T13:28:35.296609,41225,0,6,22.3,56.56,1.009,50,0,good,50,500,0.49,0,True,False,-94,13,377,101
2026-01-28T13:28:35.530701,41225,0,6,22.3,56.56,1.009,50,0,good,50,500,0.49,0,True,False,-94,12,377,119
2026-01-28T13:28:35.762981,41225,0,6,22.3,56.56,1.009,50,0,good,50,500,0.49,0,True,False,-94,12,377,125
2026-01-28T13:28:36.011514,41225,0,6,22.3,56.56,1.009,50,0,good,50,500,0.49,0,True,False,-94,12,379,125
2026-01-28T13:28:36.276179,41225,0,6,22.3,56.56,1.009,50,0,good,50,500,0.49,0,True,False,-94,12,379,115
2026-01-28T13:28:36.489982,41225,0,6,22.3,56.56,1.009,50,0,good,50,500,0.49,0,True,False,-94,12,379,149
2026-01-28T13:28:36.769374,41225,0,6,22.3,56.56,1.009,50,0,good,50,500,0.49,0,True,False,-94,12,377,125
2026-01-28T13:28:37.003473,41225,0,6,22.3,56.56,1.009,50,0,good,50,500,0.49,0,True,False,-94,12,376,115
2026-01-28T13:28:37.251778,41225,0,6,22.3,56.56,1.009,50,0,good,50,500,0.49,0,True,False,-94,12,379,140
2026-01-28T13:28:37.481840,41225,0,6,22.3,56.56,1.009,50,0,good,50,500,0.49,0,True,False,-94,12,380,107
2026-01-28T13:28:37.738100,41225,0,6,22.3,56.56,1.009,50,0,good,50,500,0.49,0,True,False,-94,12,378,138
2026-01-28T13:28:37.958238,41225,0,6,22.3,56.56,1.009,50,0,good,50,500,0.49,0,True,False,-94,12,379,125
2026-01-28T13:28:38.245459,41225,0,6,22.3,56.56,1.009,50,0,good,50,500,0.49,0,True,False,-94,12,379,139
2026-01-28T13:28:38.471604,41225,0,6,22.3,56.56,1.009,50,0,good,50,500,0.49,0,True,False,-94,12,376,123
2026-01-28T13:28:38.693593,41225,0,6,22.3,56.56,1.009,50,0,good,50,500,0.49,0,True,False,-94,12,379,10
2026-01-28T13:28:38.948163,41225,0,6,22.3,56.56,1.009,50,0,good,50,500,0.49,0,True,False,-94,12,379,25
2026-01-28T13:28:39.205878,41225,0,6,22.3,56.56,1.009,50,0,good,50,500,0.49,0,True,False,-94,12,378,104
2026-01-28T13:28:39.437150,41225,0,6,22.3,56.56,1.009,50,0,good,50,500,0.49,0,True,False,-94,12,377,121
2026-01-28T13:28:39.701159,41225,0,6,22.3,56.56,1.009,50,0,good,50,500,0.49,0,True,False,-94,12,379,111
2026-01-28T13:28:39.939449,41225,0,6,22.3,56.56,1.009,50,0,good,50,500,0.49,0,True,False,-94,12,377,133
2026-01-28T13:28:40.193428,41225,0,6,22.3,56.56,1.009,50,0,good,50,500,0.49,0,True,False,-94,12,379,139
2026-01-28T13:28:40.416131,41225,0,6,22.3,56.56,1.009,50,0,good,50,500,0.49,0,True,False,-94,12,379,0
2026-01-28T13:28:40.703264,41225,0,6,22.3,56.56,1.009,50,0,good,50,500,0.49,0,True,False,-94,12,377,123
2026-01-28T13:28:40.902971,41225,0,6,22.3,56.56,1.009,50,0,good,50,500,0.49,0,True,False,-94,12,378,101
2026-01-28T13:28:41.148902,41225,0,6,22.3,56.56,1.009,50,0,good,50,500,0.49,0,True,False,-94,12,379,103
2026-01-28T13:28:41.406278,41225,0,6,22.3,56.56,1.009,50,0,good,50,500,0.49,0,True,False,-94,12,378,139
2026-01-28T13:28:41.638559,41225,0,6,22.3,56.56,1.009,50,0,good,50,500,0.49,0,True,False,-94,12,379,123
2026-01-28T13:28:41.885653,41225,0,6,22.3,56.56,1.009,50,0,good,50,500,0.49,0,True,False,-94,12,379,136
2026-01-28T13:28:42.143196,41225,0,6,22.3,56.56,1.009,50,0,good,50,500,0.49,0,True,False,-94,12,377,117
2026-01-28T13:28:42.363390,41225,0,6,22.3,56.56,1.009,50,0,good,50,500,0.49,0,True,False,-94,12,377,125
2026-01-28T13:28:42.621993,41225,0,6,22.3,56.56,1.009,50,0,good,50,500,0.49,0,True,False,-94,12,379,119
2026-01-28T13:28:42.879404,41225,0,6,22.3,56.56,1.009,50,0,good,50,500,0.49,0,True,False,-94,12,378,125
2026-01-28T13:28:43.098955,41225,0,6,22.3,56.56,1.009,50,0,good,50,500,0.49,0,True,False,-94,12,379,135
2026-01-28T13:28:43.351613,41225,0,6,22.3,56.56,1.009,50,0,good,50,500,0.49,0,True,False,-94,12,379,103
2026-01-28T13:28:43.624667,41225,0,6,22.3,56.56,1.009,50,0,good,50,500,0.49,0,True,False,-94,12,378,139
2026-01-28T13:28:43.832926,41225,0,6,22.3,56.56,1.009,50,0,good,50,500,0.49,0,True,False,-94,12,377,123
2026-01-28T13:28:44.114679,41225,0,6,22.3,56.56,1.009,50,0,good,50,500,0.49,0,True,False,-94,12,377,137
2026-01-28T13:28:44.342501,41225,0,6,22.3,56.56,1.009,50,0,good,50,500,0.49,0,True,False,-94,12,377,123
2026-01-28T13:28:44.563231,41225,0,6,22.3,56.56,1.009,50,0,good,50,500,0.49,0,True,False,-94,12,377,121
2026-01-28T13:28:44.822347,41225,0,6,22.3,56.56,1.009,50,0,good,50,500,0.49,0,True,False,-94,12,379,0
2026-01-28T13:28:45.081632,41225,0,6,22.3,56.56,1.009,50,0,good,50,500,0.49,0,True,False,-94,12,377,115
2026-01-28T13:28:45.319667,41225,0,6,22.3,56.56,1.009,50,0,good,50,500,0.49,0,True,False,-94,12,377,115
2026-01-28T13:28:45.553792,41225,0,6,22.3,56.56,1.009,50,0,good,50,500,0.49,0,True,False,-94,12,377,132
2026-01-28T13:28:45.807546,41225,0,6,22.3,56.56,1.009,50,0,good,50,500,0.49,0,True,False,-94,12,377,115
2026-01-28T13:28:46.037582,41225,0,6,22.3,56.56,1.009,50,0,good,50,500,0.49,0,True,False,-94,12,379,125
2026-01-28T13:28:46.296095,41225,0,6,22.3,56.56,1.009,50,0,good,50,500,0.49,0,True,False,-94,12,379,125
2026-01-28T13:28:46.546920,41225,0,6,22.3,56.56,1.009,50,0,good,50,500,0.49,0,True,False,-94,12,376,110
2026-01-28T13:28:46.769101,41225,0,6,22.3,56.56,1.009,50,0,good,50,500,0.49,0,True,False,-94,13,381,134
2026-01-28T13:28:47.034802,41225,0,6,22.3,56.56,1.009,50,0,good,50,500,0.49,0,True,False,-94,12,383,120
2026-01-28T13:28:47.279143,41225,0,6,22.3,56.56,1.009,50,0,good,50,500,0.49,0,True,False,-94,12,377,109
2026-01-28T13:28:47.507165,41225,0,6,22.3,56.56,1.009,50,0,good,50,500,0.49,0,True,False,-94,12,379,142
2026-01-28T13:28:47.760260,41225,0,6,22.3,56.56,1.009,50,0,good,50,500,0.49,0,True,False,-94,12,377,125
2026-01-28T13:28:48.013709,41225,0,6,22.3,56.56,1.009,50,0,good,50,500,0.49,0,True,False,-94,12,379,135
2026-01-28T13:28:48.234405,41225,0,6,22.3,56.56,1.009,50,0,good,50,500,0.49,0,True,False,-94,12,378,119
2026-01-28T13:28:48.498401,41225,0,6,22.3,56.56,1.009,50,0,good,50,500,0.49,0,True,False,-94,12,377,127
2026-01-28T13:28:48.746787,41225,0,6,22.3,56.56,1.009,50,0,good,50,500,0.49,0,True,False,-94,12,378,120
2026-01-28T13:28:48.970791,41225,0,6,22.3,56.56,1.009,50,0,good,50,500,0.49,0,True,False,-94,12,379,41
2026-01-28T13:28:49.226574,41225,0,6,22.3,56.56,1.009,50,0,good,50,500,0.49,0,True,False,-94,12,379,121
2026-01-28T13:28:49.483321,41225,0,6,22.3,56.56,1.009,50,0,good,50,500,0.49,0,True,False,-94,12,377,110
2026-01-28T13:28:49.702445,41225,0,6,22.3,56.56,1.009,50,0,good,50,500,0.49,0,True,False,-94,12,379,115
2026-01-28T13:28:49.962195,41225,0,6,22.3,56.56,1.009,50,0,good,50,500,0.49,0,True,False,-94,12,377,116
2026-01-28T13:28:50.214747,41225,0,6,22.3,56.56,1.009,50,0,good,50,500,0.49,0,True,False,-94,12,377,120
2026-01-28T13:28:50.438131,41225,0,6,22.3,56.56,1.009,50,0,good,50,500,0.49,0,True,False,-94,12,379,126
2026-01-28T13:28:50.691850,41225,0,6,22.3,56.56,1.009,50,0,good,50,500,0.49,0,True,False,-94,12,379,139
2026-01-28T13:28:50.945517,41225,0,6,22.3,56.56,1.009,50,0,good,50,500,0.49,0,True,False,-94,12,378,109
2026-01-28T13:28:51.175680,41225,0,6,22.3,56.56,1.009,50,0,good,50,500,0.49,0,True,False,-94,12,379,147
2026-01-28T13:28:51.437094,41225,0,6,22.3,56.56,1.009,50,0,good,50,500,0.49,0,True,False,-94,12,377,121
2026-01-28T13:28:51.686939,41225,0,6,22.3,56.56,1.009,50,0,good,50,500,0.49,0,True,False,-94,12,377,139
2026-01-28T13:28:51.909814,41225,0,6,22.3,56.56,1.009,50,0,good,50,500,0.49,0,True,False,-94,12,379,124
2026-01-28T13:28:52.160609,41225,0,6,22.3,56.56,1.009,50,0,good,50,500,0.49,0,True,False,-94,12,379,117
2026-01-28T13:28:52.452879,41225,0,6,22.3,56.56,1.009,50,0,good,50,500,0.49,0,True,False,-94,12,377,142
2026-01-28T13:28:52.644712,41225,0,6,22.3,56.56,1.009,50,0,good,50,500,0.49,0,True,False,-94,12,378,119
2026-01-28T13:28:52.893693,41225,0,6,22.3,56.56,1.009,50,0,good,50,500,0.49,0,True,False,-94,12,379,151
2026-01-28T13:28:53.154621,41225,0,6,22.3,56.56,1.009,50,0,good,50,500,0.49,0,True,False,-94,12,379,109
2026-01-28T13:28:53.375497,41225,0,6,22.3,56.56,1.009,50,0,good,50,500,0.49,0,True,False,-94,12,379,149
2026-01-28T13:28:53.638917,41225,0,6,22.3,56.56,1.009,50,0,good,50,500,0.49,0,True,False,-94,12,380,137
2026-01-28T13:28:53.889658,41225,0,6,22.3,56.56,1.009,50,0,good,50,500,0.49,0,True,False,-94,12,378,154
2026-01-28T13:28:54.111220,41225,0,6,22.3,56.56,1.009,50,0,good,50,500,0.49,0,True,False,-94,12,379,121
2026-01-28T13:28:54.402419,41225,0,6,22.3,56.56,1.009,50,0,good,50,500,0.49,0,True,False,-94,12,379,122
2026-01-28T13:28:54.623219,41225,0,6,22.3,56.56,1.009,50,0,good,50,500,0.49,0,True,False,-94,12,378,125
2026-01-28T13:28:54.847202,41225,0,6,22.3,56.56,1.009,50,0,good,50,500,0.49,0,True,False,-94,12,379,109
2026-01-28T13:28:55.101379,41225,0,6,22.3,56.56,1.009,50,0,good,50,500,0.49,0,True,False,-94,12,379,155
2026-01-28T13:28:55.350330,41225,0,6,22.3,56.56,1.009,50,0,good,50,500,0.49,0,True,False,-94,12,377,125
2026-01-28T13:28:55.731776,41225,0,6,22.3,56.56,1.009,50,0,good,50,500,0.49,0,True,False,-94,12,378,127
2026-01-28T13:28:55.949877,41225,0,6,22.3,56.56,1.009,50,0,good,50,500,0.49,0,True,False,-94,12,379,117
2026-01-28T13:28:56.200439,41225,0,6,22.3,56.56,1.009,50,0,good,50,500,0.49,0,True,False,-94,12,379,139
2026-01-28T13:28:56.452075,41225,0,6,22.3,56.56,1.009,50,0,good,50,500,0.49,0,True,False,-94,12,378,109
2026-01-28T13:28:56.678039,41225,0,6,22.3,56.56,1.009,50,0,good,50,500,0.49,0,True,False,-94,13,379,119
2026-01-28T13:28:56.930922,41225,0,6,22.3,56.56,1.009,50,0,good,50,500,0.49,0,True,False,-94,12,377,115
2026-01-28T13:28:57.191211,41225,0,6,22.3,56.56,1.009,50,0,good,50,500,0.49,0,True,False,-94,12,377,125
2026-01-28T13:28:57.411751,41225,0,6,22.3,56.56,1.009,50,0,good,50,500,0.49,0,True,False,-94,13,379,123
2026-01-28T13:28:57.674494,41225,0,6,22.3,56.56,1.009,50,0,good,50,500,0.49,0,True,False,-94,12,379,127
2026-01-28T13:28:57.919270,41225,0,6,22.3,56.56,1.009,50,0,good,50,500,0.49,0,True,False,-94,12,379,119
2026-01-28T13:28:58.144072,41225,0,6,22.3,56.56,1.009,50,0,good,50,500,0.49,0,True,False,-94,12,376,25
2026-01-28T13:28:58.404506,41225,0,6,22.3,56.56,1.009,50,0,good,50,500,0.49,0,True,False,-94,12,376,117
2026-01-28T13:28:58.652279,41225,0,6,22.3,56.56,1.009,50,0,good,50,500,0.49,0,True,False,-94,12,377,101
2026-01-28T13:28:58.882253,41225,0,6,22.3,56.56,1.009,50,0,good,50,500,0.49,0,True,False,-94,12,376,105
2026-01-28T13:28:59.169596,41225,0,6,22.3,56.56,1.009,50,0,good,50,500,0.49,0,True,False,-94,12,377,79
2026-01-28T13:28:59.388863,41225,0,6,22.3,56.56,1.009,50,0,good,50,500,0.49,0,True,False,-94,12,377,75
2026-01-28T13:28:59.634516,41225,0,6,22.3,56.56,1.009,50,0,good,50,500,0.49,0,True,False,-94,12,378,119
2026-01-28T13:28:59.867546,41225,0,6,22.3,56.56,1.009,50,0,good,50,500,0.49,0,True,False,-94,11,379,148
2026-01-28T13:29:00.126668,41225,0,6,22.3,56.56,1.009,50,0,good,50,500,0.49,0,True,False,-94,12,376,111
2026-01-28T13:29:00.347036,41225,0,6,22.3,56.56,1.009,50,0,good,50,500,0.49,0,True,False,-94,12,379,117
2026-01-28T13:29:00.605106,41225,0,6,22.3,56.56,1.009,50,0,good,50,500,0.49,0,True,False,-94,12,379,115
2026-01-28T13:29:00.860381,41225,0,6,22.3,56.56,1.009,50,0,good,50,500,0.49,0,True,False,-94,12,379,82
2026-01-28T13:29:01.083066,41225,0,6,22.3,56.56,1.009,50,0,good,50,500,0.49,0,True,False,-94,12,380,136
2026-01-28T13:29:01.339090,41225,0,6,22.3,56.56,1.009,50,0,good,50,500,0.49,0,True,False,-94,12,380,121
2026-01-28T13:29:01.592956,41225,0,6,22.3,56.56,1.009,50,0,good,50,500,0.49,0,True,False,-94,12,378,154
2026-01-28T13:29:01.812840,41225,0,6,22.3,56.56,1.009,50,0,good,50,500,0.49,0,True,False,-94,12,379,131
2026-01-28T13:29:02.067857,41225,0,6,22.3,56.56,1.009,50,0,good,50,500,0.49,0,True,False,-94,12,379,139
2026-01-28T13:29:02.324603,41225,0,6,22.3,56.56,1.009,50,0,good,50,500,0.49,0,True,False,-94,12,381,142
2026-01-28T13:29:02.549585,41225,0,6,22.3,56.56,1.009,50,0,good,50,500,0.49,0,True,False,-94,12,381,133
2026-01-28T13:29:02.814391,41225,0,6,22.3,56.56,1.009,50,0,good,50,500,0.49,0,True,False,-94,12,379,121
2026-01-28T13:29:03.057848,41225,0,6,22.3,56.56,1.009,50,0,good,50,500,0.49,0,True,False,-94,12,382,135
2026-01-28T13:29:03.283748,41225,0,6,22.3,56.56,1.009,50,0,good,50,500,0.49,0,True,False,-94,12,379,124
2026-01-28T13:29:03.536781,41225,0,6,22.3,56.56,1.009,50,0,good,50,500,0.49,0,True,False,-94,12,379,119
2026-01-28T13:29:03.800178,41225,0,6,22.3,56.56,1.009,50,0,good,50,500,0.49,0,True,False,-94,12,379,123
2026-01-28T13:29:04.017312,41225,0,6,22.3,56.56,1.009,50,0,good,50,500,0.49,0,True,False,-94,12,379,119
2026-01-28T13:29:04.277196,41225,0,6,22.3,56.56,1.009,50,0,good,50,500,0.49,0,True,False,-94,12,379,121
2026-01-28T13:29:04.539704,41225,0,6,22.3,56.56,1.009,50,0,good,50,500,0.49,0,True,False,-94,12,380,121
2026-01-28T13:29:04.755520,41225,0,6,22.3,56.56,1.009,50,0,good,50,500,0.49,0,True,False,-94,12,379,165
2026-01-28T13:29:05.014819,41225,0,6,22.3,56.56,1.009,50,0,good,50,500,0.49,0,True,False,-94,12,377,127
2026-01-28T13:29:05.275716,41225,0,6,22.3,56.56,1.009,50,0,good,50,500,0.49,0,True,False,-94,12,376,151
2026-01-28T13:29:05.500422,41225,0,6,22.3,56.56,1.009,50,0,good,50,500,0.49,0,True,False,-94,12,381,135
2026-01-28T13:29:05.744087,41225,0,6,22.3,56.56,1.009,50,0,good,50,500,0.49,0,True,False,-94,12,380,115
2026-01-28T13:29:05.997698,41225,0,6,22.3,56.56,1.009,50,0,good,50,500,0.49,0,True,False,-94,12,380,123
2026-01-28T13:29:06.222532,41225,0,6,22.3,56.56,1.009,50,0,good,50,500,0.49,0,True,False,-94,12,379,119
2026-01-28T13:29:06.471089,41225,0,6,22.3,56.56,1.009,50,0,good,50,500,0.49,0,True,False,-94,12,381,123
2026-01-28T13:29:06.737152,41225,0,6,22.3,56.56,1.009,50,0,good,50,500,0.49,0,True,False,-94,12,380,125
2026-01-28T13:29:06.951759,41225,0,6,22.3,56.56,1.009,50,0,good,50,500,0.49,0,True,False,-94,12,381,116
2026-01-28T13:29:07.208377,41225,0,6,22.3,56.56,1.009,50,0,good,50,500,0.49,0,True,False,-94,12,381,109
2026-01-28T13:29:07.473194,41225,0,6,22.3,56.56,1.009,50,0,good,50,500,0.49,0,True,False,-94,12,382,122
2026-01-28T13:29:07.687983,41225,0,6,22.3,56.56,1.009,50,0,good,50,500,0.49,0,True,False,-94,12,381,110
2026-01-28T13:29:07.945492,41225,0,6,22.3,56.56,1.009,50,0,good,50,500,0.49,0,True,False,-94,12,381,115
2026-01-28T13:29:08.198096,41225,0,6,22.3,56.56,1.009,50,0,good,50,500,0.49,0,True,False,-94,12,383,131
2026-01-28T13:29:08.422931,41225,0,6,22.3,56.56,1.009,50,0,good,50,500,0.49,0,True,False,-94,12,383,149
2026-01-28T13:29:08.676270,41225,0,6,22.3,56.56,1.009,50,0,good,50,500,0.49,0,True,False,-94,13,383,125
2026-01-28T13:29:08.932638,41225,0,6,22.3,56.56,1.009,50,0,good,50,500,0.49,0,True,False,-94,12,381,121
2026-01-28T13:29:09.161903,41225,0,6,22.3,56.56,1.009,50,0,good,50,500,0.49,0,True,False,-94,12,381,121
2026-01-28T13:29:09.411277,41225,0,6,22.3,56.56,1.009,50,0,good,50,500,0.49,0,True,False,-94,12,383,123
2026-01-28T13:29:09.668448,41225,0,6,22.3,56.56,1.009,50,0,good,50,500,0.49,0,True,False,-94,12,380,123
2026-01-28T13:29:09.887870,41225,0,6,22.3,56.56,1.009,50,0,good,50,500,0.49,0,True,False,-94,12,380,119
2026-01-28T13:29:10.146869,41225,0,6,22.3,56.56,1.009,50,0,good,50,500,0.49,0,True,False,-94,12,381,116
2026-01-28T13:29:10.399084,41225,0,6,22.3,56.56,1.009,50,0,good,50,500,0.49,0,True,False,-94,12,379,123
2026-01-28T13:29:10.621823,41225,0,6,22.3,56.56,1.009,50,0,good,50,500,0.49,0,True,False,-94,12,380,149
2026-01-28T13:29:10.879692,41225,0,6,22.3,56.56,1.009,50,0,good,50,500,0.49,0,True,False,-94,12,381,147
2026-01-28T13:29:11.134046,41225,0,6,22.3,56.56,1.009,50,0,good,50,500,0.49,0,True,False,-94,12,379,123
2026-01-28T13:29:11.382347,41225,0,6,22.3,56.56,1.009,50,0,good,50,500,0.49,0,True,False,-94,12,381,143
2026-01-28T13:29:11.612259,41225,0,6,22.3,56.56,1.009,50,0,good,50,500,0.49,0,True,False,-94,12,380,167
2026-01-28T13:29:11.864929,41225,0,6,22.3,56.56,1.009,50,0,good,50,500,0.49,0,True,False,-94,12,379,135
2026-01-28T13:29:12.092415,41225,0,6,22.3,56.56,1.009,50,0,good,50,500,0.49,0,True,False,-94,12,379,135
2026-01-28T13:29:12.347179,41225,0,6,22.3,56.56,1.009,50,0,good,50,500,0.49,0,True,False,-94,12,381,146
2026-01-28T13:29:12.604266,41225,0,6,22.3,56.56,1.009,50,0,good,50,500,0.49,0,True,False,-94,12,379,107
2026-01-28T13:29:12.826244,41225,0,6,22.3,56.56,1.009,50,0,good,50,500,0.49,0,True,False,-94,12,379,136
2026-01-28T13:29:13.079229,41225,0,6,22.3,56.56,1.009,50,0,good,50,500,0.49,0,True,False,-94,12,381,141
2026-01-28T13:29:13.558798,41225,0,6,22.3,56.56,1.009,50,0,good,50,500,0.49,0,True,False,-94,13,380,116
2026-01-28T13:29:13.582330,41225,0,6,22.3,56.56,1.009,50,0,good,50,500,0.49,0,True,False,-94,12,381,109
2026-01-28T13:29:13.813095,41225,0,6,22.3,56.56,1.009,50,0,good,50,500,0.49,0,True,False,-94,12,381,120
2026-01-28T13:29:14.074375,41225,0,6,22.3,56.56,1.009,50,0,good,50,500,0.49,0,True,False,-94,12,380,107
2026-01-28T13:29:14.290269,41225,0,6,22.3,56.56,1.009,50,0,good,50,500,0.49,0,True,False,-94,12,381,111
2026-01-28T13:29:14.547915,41225,0,6,22.3,56.56,1.009,50,0,good,50,500,0.49,0,True,False,-94,12,379,137
2026-01-28T13:29:14.804978,41225,0,6,22.3,56.56,1.009,50,0,good,50,500,0.49,0,True,False,-94,12,392,119
2026-01-28T13:29:15.028905,41225,0,6,22.3,56.56,1.009,50,0,good,50,500,0.49,0,True,False,-94,13,381,0
2026-01-28T13:29:15.280852,41225,0,6,22.3,56.56,1.009,50,0,good,50,500,0.49,0,True,False,-94,12,380,133
2026-01-28T13:29:15.537748,41225,0,6,22.3,56.56,1.009,50,0,good,50,500,0.49,0,True,False,-94,12,379,121
2026-01-28T13:29:15.788454,41225,0,6,22.3,56.56,1.009,50,0,good,50,500,0.49,0,True,False,-94,12,381,57
2026-01-28T13:29:16.017766,41225,0,6,22.3,56.56,1.009,50,0,good,50,500,0.49,0,True,False,-94,12,379,115
2026-01-28T13:29:16.295235,41225,0,6,22.3,56.56,1.009,50,0,good,50,500,0.49,0,True,False,-94,12,379,133
2026-01-28T13:29:16.498890,41225,0,6,22.3,56.56,1.009,50,0,good,50,500,0.49,0,True,False,-94,12,374,143
2026-01-28T13:29:16.781207,41225,0,6,22.3,56.56,1.009,50,0,good,50,500,0.49,0,True,False,-94,12,381,121
2026-01-28T13:29:17.004779,41225,0,6,22.3,56.56,1.009,50,0,good,50,500,0.49,0,True,False,-94,13,380,121
2026-01-28T13:29:17.240480,41225,0,6,22.3,56.56,1.009,50,0,good,50,500,0.49,0,True,False,-94,12,381,139
2026-01-28T13:29:17.487645,41225,0,6,22.3,56.56,1.009,50,0,good,50,500,0.49,0,True,False,-94,12,381,115
2026-01-28T13:29:17.748816,41225,0,6,22.3,56.56,1.009,50,0,good,50,500,0.49,0,True,False,-94,12,380,137
2026-01-28T13:29:17.968949,41225,0,6,22.3,56.56,1.009,50,0,good,50,500,0.49,0,True,False,-94,12,383,115
2026-01-28T13:29:18.217242,41225,0,6,22.3,56.56,1.009,50,0,good,50,500,0.49,0,True,False,-94,12,381,107
2026-01-28T13:29:18.488270,41225,0,6,22.3,56.56,1.009,50,0,good,50,500,0.49,0,True,False,-94,12,381,121
2026-01-28T13:29:18.726125,41225,0,6,22.3,56.56,1.009,50,0,good,50,500,0.49,0,True,False,-94,12,383,143
2026-01-28T13:29:18.952851,41225,0,6,22.3,56.56,1.009,50,0,good,50,500,0.49,0,True,False,-94,12,381,133
2026-01-28T13:29:19.231056,41225,0,6,22.3,56.56,1.009,50,0,good,50,500,0.49,0,True,False,-94,12,382,107
2026-01-28T13:29:19.433730,41225,0,6,22.3,56.56,1.009,50,0,good,50,500,0.49,0,True,False,-94,12,383,108
2026-01-28T13:29:19.715401,41225,0,6,22.3,56.56,1.009,50,0,good,50,500,0.49,0,True,False,-94,12,381,127
